Date,Home Team,Home Score,Away Team,Away Score
2024-08-29,Kelly,12,East Carter,7
2024-08-29,Washington,3,Francis Howell Central,2
2024-08-29,Eureka,5,Francis Howell North,3
2024-08-29,Hazelwood West,8,Ladue Horton Watkins,4
2024-08-29,Lafayette County,0,Lawson,16
2024-08-29,Marceline,5,New Franklin,6
2024-08-29,Maryville,5,North Andrew,7
2024-08-29,Jefferson (Festus),2,Parkway Central,8
2024-08-30,Branson,15,Aurora,4
2024-08-30,Hillcrest,8,Aurora,3
2024-08-30,Seneca,8,Aurora,12
2024-08-30,Lee's Summit North,2,Belton,9
2024-08-30,Pleasant Hill,0,Belton,10
2024-08-30,Linn,6,Blair Oaks,5
2024-08-30,Webster Groves,6,Blair Oaks,3
2024-08-30,Park Hill South,6,Blue Springs,7
2024-08-30,Park Hill South,0,Blue Springs South,16
2024-08-30,Republic,7,Bolivar,4
2024-08-30,West Plains,0,Camdenton,15
2024-08-30,Marion C. Early,0,Camdenton,6
2024-08-30,Seneca,2,Carl Junction,17
2024-08-30,Joplin,4,Carl Junction,5
2024-08-30,Waynesville,0,Carthage,8
2024-08-30,Willard,1,Carthage,8
2024-08-30,Lebanon,2,Cassville,6
2024-08-30,Park Hill,1,Centralia,6
2024-08-30,St. Michael the Archangel,3,Centralia,19
2024-08-30,Lee's Summit West,1,Chillicothe,3
2024-08-30,St. Charles,3,Chillicothe,4
2024-08-30,Wheatland,13,Climax Springs,0
2024-08-30,St. Joseph's Academy,17,Crocker,1
2024-08-30,Central (Cape Girardeau),3,Doniphan,10
2024-08-30,Notre Dame (Cape Girardeau),13,Doniphan,4
2024-08-30,Jefferson City,5,Elsberry,3
2024-08-30,Warrenton,2,Elsberry,6
2024-08-30,Humansville,11,Fair Play,6
2024-08-30,Liberty (Wentzville),1,Father Tolton,2
2024-08-30,Capital City,6,Father Tolton,3
2024-08-30,Washington,8,Fatima,9
2024-08-30,Incarnate Word Academy,1,Festus,11
2024-08-30,Chaffee,7,Festus,2
2024-08-30,Chaffee,8,Fredericktown,2
2024-08-30,Incarnate Word Academy,9,Fredericktown,6
2024-08-30,Bolivar,13,Glendale,1
2024-08-30,Sherwood,3,Glendale,8
2024-08-30,Kearney,0,Grain Valley,3
2024-08-30,Timberland,15,Hannibal,0
2024-08-30,St. Dominic,1,Highland,9
2024-08-30,Branson,3,Hillcrest,6
2024-08-30,Seneca,3,Hillcrest,8
2024-08-30,Liberty,20,Holden,4
2024-08-30,William Chrisman,3,Holden,20
2024-08-30,Jefferson (Festus),11,Incarnate Word Academy,1
2024-08-30,Lutheran South,3,Jackson,7
2024-08-30,Cor Jesu Academy,10,Jackson,9
2024-08-30,Central (Cape Girardeau),13,Jackson,12
2024-08-30,Seneca,1,Joplin,13
2024-08-30,Van Buren,0,Kelly,10
2024-08-30,Parkway South,5,Kelly,6
2024-08-30,Raymore-Peculiar,9,Lafayette (St. Joseph),0
2024-08-30,Smithville,18,Lafayette (St. Joseph),7
2024-08-30,St. Michael the Archangel,10,Lafayette (St. Joseph),7
2024-08-30,Walnut Grove,3,Lebanon,6
2024-08-30,Oak Grove,5,Lee's Summit,3
2024-08-30,Fort Osage,5,Lee's Summit,6
2024-08-30,Pleasant Hill,8,Lee's Summit North,4
2024-08-30,St. Charles,2,Lee's Summit West,17
2024-08-30,William Chrisman,2,Liberty,12
2024-08-30,Capital City,5,Liberty (Wentzville),10
2024-08-30,Winnetonka,17,Lincoln College Prep,1
2024-08-30,North Point,1,Macon,4
2024-08-30,Novinger,3,Madison,13
2024-08-30,Summit Christian Academy,4,Marion C. Early,5
2024-08-30,Clopton,14,Marion County,0
2024-08-30,Washington,7,Mexico,4
2024-08-30,Northwest (Cedar Hill),1,Mexico,3
2024-08-30,Fatima,6,Mexico,0
2024-08-30,Linn,3,Mexico,2
2024-08-30,Van Buren,2,Neelyville,8
2024-08-30,Walnut Grove,0,Nevada,8
2024-08-30,St. Teresa's Academy,16,North Kansas City,3
2024-08-30,Ruskin,0,North Kansas City,16
2024-08-30,Washington,11,Northwest (Cedar Hill),13
2024-08-30,Fatima,11,Northwest (Cedar Hill),4
2024-08-30,Fort Osage,1,Oak Grove,6
2024-08-30,Mid-Buchanan,11,Oak Park,1
2024-08-30,Platte County,15,Oak Park,0
2024-08-30,Grain Valley,9,Odessa,0
2024-08-30,Kearney,6,Odessa,4
2024-08-30,Liberty (Wentzville),4,Pacific,7
2024-08-30,Capital City,5,Pacific,1
2024-08-30,Father Tolton,15,Pacific,0
2024-08-30,St. Michael the Archangel,4,Park Hill,15
2024-08-30,Nerinx Hall,0,Parkway North,15
2024-08-30,Neelyville,1,Parkway South,3
2024-08-30,Marquette,3,Parkway West,8
2024-08-30,Mid-Buchanan,5,Platte County,2
2024-08-30,Smithville,0,Raymore-Peculiar,8
2024-08-30,Sherwood,0,Republic,12
2024-08-30,Liberty North,2,Rock Bridge,6
2024-08-30,Van-Far,2,Rolla,1
2024-08-30,Winnetonka,17,Ruskin,0
2024-08-30,Lutheran South,14,Sikeston,4
2024-08-30,Cor Jesu Academy,16,Sikeston,0
2024-08-30,Valley Park,11,St. Charles,11
2024-08-30,Cuba,0,Westran,5
2024-08-30,Webster Groves,4,Webb City,5
2024-08-30,Blair Oaks,5,Webb City,2
2024-08-30,Linn,4,Webb City,5
2024-08-30,Battle,2,Troy Buchanan,12
2024-08-30,East Carter,8,St. Clair,9
2024-08-30,Warrenton,1,Union,18
2024-08-30,Hartville,11,Waynesville,7
2024-08-30,Linn,5,Webster Groves,1
2024-08-30,Summit Christian Academy,12,West Plains,0
2024-08-30,Rockwood Summit,2,Westminster Christian Academy,3
2024-08-30,Hartville,0,Willard,8
2024-08-31,Hillcrest,11,Aurora,8
2024-08-31,Seneca,8,Aurora,12
2024-08-31,North Point,6,Battle,11
2024-08-31,Grain Valley,2,Belton,0
2024-08-31,Oak Grove,4,Belton,13
2024-08-31,Liberty,4,Belton,5
2024-08-31,Washington,9,Blair Oaks,10
2024-08-31,Liberty (Wentzville),4,Blair Oaks,3
2024-08-31,Rock Bridge,6,Blue Springs,5
2024-08-31,Rock Bridge,1,Blue Springs South,5
2024-08-31,Republic,7,Bolivar,4
2024-08-31,Marion C. Early,2,Bolivar,14
2024-08-31,Clinton,3,Boonville,5
2024-08-31,Kirksville,16,Boonville,1
2024-08-31,Fayette,5,Boonville,6
2024-08-31,Milan,8,Brashear,6
2024-08-31,Scotland County,9,Brashear,7
2024-08-31,Carthage,4,Camdenton,1
2024-08-31,Cassville,0,Camdenton,2
2024-08-31,Excelsior Springs,10,Cameron,1
2024-08-31,Lathrop,7,Cameron,6
2024-08-31,Joplin,9,Carl Junction,7
2024-08-31,Branson,2,Carl Junction,7
2024-08-31,Marshall,1,Carrollton,9
2024-08-31,Warrensburg,0,Carrollton,11
2024-08-31,Republic,6,Carthage,7
2024-08-31,Nevada,1,Cassville,7
2024-08-31,Republic,4,Cassville,3
2024-08-31,Incarnate Word Academy,10,Central (Cape Girardeau),2
2024-08-31,Lutheran South,9,Central (Cape Girardeau),0
2024-08-31,Lawson,12,Central (St. Joseph),8
2024-08-31,St. Elizabeth,6,Central (St. Joseph),8
2024-08-31,Putnam County,1,Central (St. Joseph),17
2024-08-31,Chillicothe,3,Centralia,2
2024-08-31,Oak Grove,15,Centralia,4
2024-08-31,Liberty,3,Centralia,10
2024-08-31,Notre Dame (Cape Girardeau),3,Chaffee,0
2024-08-31,Raymore-Peculiar,6,Chillicothe,5
2024-08-31,Mid-Buchanan,6,Chillicothe,0
2024-08-31,Hermitage,5,Climax Springs,6
2024-08-31,Fair Play,7,Climax Springs,5
2024-08-31,Savannah,15,Clinton,1
2024-08-31,Wright City,8,Clinton,11
2024-08-31,Notre Dame (Cape Girardeau),3,Cor Jesu Academy,5
2024-08-31,Festus,2,Doniphan,1
2024-08-31,Parkway South,6,Doniphan,7
2024-08-31,North Platte,14,East Buchanan,5
2024-08-31,Lexington,9,East Buchanan,3
2024-08-31,Union,5,Elsberry,14
2024-08-31,Rolla,9,Elsberry,14
2024-08-31,Warrenton,3,Elsberry,6
2024-08-31,Wright City,3,Eugene,9
2024-08-31,St. Elizabeth,1,Excelsior Springs,12
2024-08-31,Weaubleau,8,Fair Play,9
2024-08-31,Capital City,3,Fatima,11
2024-08-31,New Franklin,13,Fayette,4
2024-08-31,Wright City,3,Fayette,6
2024-08-31,Jackson,1,Festus,6
2024-08-31,Logan-Rogersville,6,Francis Howell Central,14
2024-08-31,North Point,1,Francis Howell Central,16
2024-08-31,Battle,0,Francis Howell Central,14
2024-08-31,Van Buren,2,Fredericktown,9
2024-08-31,North Point,1,Ft. Zumwalt West,6
2024-08-31,Battle,0,Ft. Zumwalt West,10
2024-08-31,Lebanon,2,Glendale,14
2024-08-31,Summit Christian Academy,11,Glendale,3
2024-08-31,Mid-Buchanan,1,Grain Valley,3
2024-08-31,Ozark,2,Halfway,1
2024-08-31,New Covenant Academy,8,Halfway,2
2024-08-31,Norwood,1,Halfway,3
2024-08-31,Van-Far,1,Hallsville,11
2024-08-31,New Bloomfield,2,Hallsville,11
2024-08-31,Schuyler County,7,Harrisburg,0
2024-08-31,Summit Christian Academy,2,Hartville,1
2024-08-31,Lebanon,4,Hartville,14
2024-08-31,Weaubleau,9,Hermitage,2
2024-08-31,Troy Buchanan,7,Highland,6
2024-08-31,Seneca,3,Hillcrest,8
2024-08-31,Platte County,8,Holden,2
2024-08-31,Pleasant Hill,5,Holden,7
2024-08-31,Lee's Summit,5,Holden,4
2024-08-31,Wheatland,13,Humansville,0
2024-08-31,Parkway South,3,Jackson,7
2024-08-31,Sikeston,8,Jackson,13
2024-08-31,Union,0,Jefferson City,4
2024-08-31,Van-Far,7,Jefferson City,5
2024-08-31,Warrenton,9,Jefferson City,12
2024-08-31,Branson,0,Joplin,18
2024-08-31,Pleasant Hill,4,Kearney,8
2024-08-31,Chaffee,10,Kelly,3
2024-08-31,Cor Jesu Academy,9,Kelly,0
2024-08-31,Eugene,6,Kirksville,7
2024-08-31,New Franklin,4,Kirksville,5
2024-08-31,Marshall,10,Knob Noster,1
2024-08-31,California,8,Knob Noster,9
2024-08-31,Warrensburg,7,Knob Noster,6
2024-08-31,Fort Osage,9,Lafayette (St. Joseph),0
2024-08-31,William Chrisman,1,Lafayette (St. Joseph),8
2024-08-31,St. Michael the Archangel,10,Lafayette (St. Joseph),7
2024-08-31,Penney,0,Lathrop,15
2024-08-31,St. Elizabeth,4,Lawson,1
2024-08-31,Benton,3,Lawson,16
2024-08-31,Lathrop,2,Lawson,10
2024-08-31,Park Hill,0,Lee's Summit,5
2024-08-31,Smithville,10,Lee's Summit,8
2024-08-31,Odessa,14,Lee's Summit North,6
2024-08-31,William Chrisman,2,Lee's Summit North,17
2024-08-31,St. Michael the Archangel,2,Lee's Summit North,13
2024-08-31,Park Hill,4,Lee's Summit West,5
2024-08-31,Kearney,5,Lee's Summit West,4
2024-08-31,Smithville,5,Lee's Summit West,11
2024-08-31,North Platte,16,Lexington,1
2024-08-31,Mid-Buchanan,6,Liberty,5
2024-08-31,North Kansas City,15,Lincoln College Prep,0
2024-08-31,Ruskin,10,Lincoln College Prep,20
2024-08-31,Father Tolton,2,Linn,6
2024-08-31,Highland,12,Logan-Rogersville,2
2024-08-31,Troy Buchanan,12,Logan-Rogersville,7
2024-08-31,South Shelby,7,Mark Twain,8
2024-08-31,McDonald County,3,Marshfield,15
2024-08-31,Neosho,14,Marshfield,10
2024-08-31,Polo,9,Maryville,7
2024-08-31,Bishop LeBlond,3,Maryville,25
2024-08-31,Neosho,8,McDonald County,7
2024-08-31,Father Tolton,1,Mexico,0
2024-08-31,Linn,3,Mexico,2
2024-08-31,Scotland County,1,Milan,17
2024-08-31,Mark Twain,7,Moberly,8
2024-08-31,South Shelby,3,Moberly,4
2024-08-31,Monroe City,6,Moberly,2
2024-08-31,Owensville,9,Monroe City,11
2024-08-31,Palmyra,2,Monroe City,10
2024-08-31,Lutheran South,1,Neelyville,11
2024-08-31,Incarnate Word Academy,0,Neelyville,3
2024-08-31,Bolivar,8,Nevada,10
2024-08-31,Willard,8,Nevada,7
2024-08-31,Hallsville,13,North Callaway,0
2024-08-31,Schuyler County,3,North Callaway,8
2024-08-31,St. Teresa's Academy,7,North Kansas City,4
2024-08-31,Webster Groves,3,Northwest (Cedar Hill),23
2024-08-31,Pacific,4,Northwest (Cedar Hill),13
2024-08-31,New Covenant Academy,4,Norwood,9
2024-08-31,St. Pius X (Kansas City),9,Notre Dame de Sion,8
2024-08-31,Raymore-Peculiar,10,Oak Grove,0
2024-08-31,Fort Osage,4,Oak Park,3
2024-08-31,Odessa,8,Oak Park,6
2024-08-31,William Chrisman,5,Oak Park,9
2024-08-31,St. Charles,4,Odessa,7
2024-08-31,Mark Twain,19,Owensville,3
2024-08-31,Palmyra,0,Owensville,14
2024-08-31,South Shelby,17,Palmyra,15
2024-08-31,Pleasant Hill,6,Park Hill,4
2024-08-31,Kearney,7,Platte County,5
2024-08-31,Smithville,0,Platte County,12
2024-08-31,Bishop LeBlond,0,Plattsburg,20
2024-08-31,Polo,5,Plattsburg,9
2024-08-31,Excelsior Springs,14,Putnam County,2
2024-08-31,Cameron,10,Putnam County,9
2024-08-31,Penney,5,Putnam County,7
2024-08-31,Grain Valley,4,Raymore-Peculiar,1
2024-08-31,St. Joseph's Academy,7,Rolla,9
2024-08-31,Van-Far,0,Schuyler County,15
2024-08-31,Benton,2,Savannah,9
2024-08-31,St. Elizabeth,7,Savannah,4
2024-08-31,Walnut Grove,8,Sherwood,9
2024-08-31,Van Buren,7,Sikeston,0
2024-08-31,New Franklin,10,Savannah,7
2024-08-31,Eugene,4,Savannah,10
2024-08-31,Harrisburg,0,Southern Boone,15
2024-08-31,New Bloomfield,2,Southern Boone,1
2024-08-31,North Callaway,4,Southern Boone,5
2024-08-31,St. Joseph's Academy,5,Van-Far,10
2024-08-31,Capital City,7,Webb City,4
2024-08-31,Fatima,13,Webb City,4
2024-08-31,Penney,0,Trenton,5
2024-08-31,Lathrop,5,Trenton,14
2024-08-31,Excelsior Springs,5,Trenton,4
2024-08-31,St. Michael the Archangel,4,St. Charles,7
2024-08-31,Fort Osage,3,St. Charles,4
2024-08-31,St. Joseph's Academy,10,Union,13
2024-08-31,California,2,Warrensburg,5
2024-08-31,Liberty (Wentzville),7,Washington,12
2024-08-31,Walnut Grove,8,Waynesville,9
2024-08-31,West Plains,8,Waynesville,7
2024-08-31,Pacific,2,Webster Groves,7
2024-08-31,Sherwood,6,West Plains,3
2024-08-31,New Bloomfield,7,Westran,0
2024-08-31,Harrisburg,9,Westran,2
2024-08-31,Marion C. Early,0,Willard,10
2024-08-31,St. Teresa's Academy,3,Winnetonka,14
2024-09-02,Capital City,2,Battle,5
2024-09-02,Macon,4,Centralia,5
2024-09-02,Fulton,6,Hannibal,1
2024-09-02,Savannah,12,Lathrop,7
2024-09-02,Clinton,13,Lexington,2
2024-09-02,Penney,2,Marceline,9
2024-09-02,Odessa,18,St. Teresa's Academy,11
2024-09-02,Community,20,Wellsville-Middletown,0
2024-09-03,Pattonville,21,Affton,6
2024-09-03,Stanberry,5,Albany,6
2024-09-03,Raymore-Peculiar,10,Belton,1
2024-09-03,Centralia,3,Blair Oaks,0
2024-09-03,Lee's Summit North,0,Blue Springs South,5
2024-09-03,Highland,4,Bowling Green,2
2024-09-03,Aurora,3,Branson,13
2024-09-03,Excelsior Springs,14,Cameron,2
2024-09-03,McDonald County,7,Carl Junction,0
2024-09-03,Seneca,0,Carthage,10
2024-09-03,East Carter,4,Central (Cape Girardeau),1
2024-09-03,Perryville,0,Central (Cape Girardeau),4
2024-09-03,Kelly,0,Chaffee,9
2024-09-03,East Buchanan,0,Chillicothe,15
2024-09-03,Kirksville,10,Clark County,8
2024-09-03,Sherwood,10,Clinton,2
2024-09-03,Canton,5,Clopton,8
2024-09-03,Harrisburg,2,Community,8
2024-09-03,Pacific,14,Cuba,10
2024-09-03,Perryville,2,East Carter,7
2024-09-03,Tuscumbia,5,Eldon,14
2024-09-03,St. James,0,Eugene,30
2024-09-03,Ritenour,5,Eureka,8
2024-09-03,Parkway Central,3,Eureka,13
2024-09-03,Macks Creek,0,Fair Play,10
2024-09-03,New Bloomfield,2,Father Tolton,3
2024-09-03,Southern Boone,2,Fatima,3
2024-09-03,Battle,8,Fayette,9
2024-09-03,Farmington,4,Festus,2
2024-09-03,Blue Springs,13,Fort Osage,6
2024-09-03,Parkway South,6,Francis Howell North,12
2024-09-03,Kirkwood,0,Francis Howell North,11
2024-09-03,Ft. Zumwalt East,3,Ft. Zumwalt North,9
2024-09-03,Washington,17,Ft. Zumwalt South,3
2024-09-03,Francis Howell,9,Ft. Zumwalt West,7
2024-09-03,Bolivar,6,Glendale,7
2024-09-03,Meadville,8,Green City,5
2024-09-03,Osage,5,Halfway,6
2024-09-03,Macon,3,Hallsville,7
2024-09-03,Nevada,10,Harrisonville,0
2024-09-03,Cor Jesu Academy,12,Hazelwood West,1
2024-09-03,Parkway West,8,Hazelwood West,2
2024-09-03,Rolla,0,Helias Catholic,9
2024-09-03,Boonville,4,Hickman,6
2024-09-03,Linn County,1,Higbee,16
2024-09-03,Norwood,4,Hillcrest,3
2024-09-03,Westminster Christian Academy,5,Hillsboro,3
2024-09-03,Parkway North,3,Hillsboro,5
2024-09-03,Oak Grove,6,Holden,3
2024-09-03,St. Charles,9,Holt,1
2024-09-03,Fredericktown,19,Jefferson (Festus),5
2024-09-03,Lebanon,3,Joplin,13
2024-09-03,Parkway South,12,Kirkwood,0
2024-09-03,Notre Dame de Sion,1,Knob Noster,12
2024-09-03,Schuyler County,10,La Plata,20
2024-09-03,Maryville,3,Lathrop,7
2024-09-03,Liberty,11,Lee's Summit,7
2024-09-03,Grain Valley,7,Lee's Summit West,3
2024-09-03,Park Hill,2,Liberty North,7
2024-09-03,St. Michael the Archangel,21,Lincoln College Prep,0
2024-09-03,Mehlville,0,Lutheran South,15
2024-09-03,Cassville,10,Marion C. Early,1
2024-09-03,Novinger,3,Marion County,8
2024-09-03,Paris,11,Mark Twain,5
2024-09-03,Mexico,2,Marshall,3
2024-09-03,Monett,0,Marshfield,10
2024-09-03,Bishop LeBlond,0,Mid-Buchanan,15
2024-09-03,Maysville,1,Milan,7
2024-09-03,Hermann,4,Montgomery County,5
2024-09-03,Waynesville,0,Neosho,10
2024-09-03,Weaubleau,2,New Covenant Academy,5
2024-09-03,Slater,0,North Callaway,11
2024-09-03,DeKalb,2,North Platte,12
2024-09-03,Knox County,4,North Shelby,14
2024-09-03,Lindbergh,6,Oakville,7
2024-09-03,St. Joseph's Academy,11,Owensville,0
2024-09-03,Louisiana,18,Palmyra,6
2024-09-03,Staley,4,Park Hill South,1
2024-09-03,Ritenour,1,Parkway Central,13
2024-09-03,Westminster Christian Academy,15,Parkway North,0
2024-09-03,Cor Jesu Academy,4,Parkway West,5
2024-09-03,Van-Far,17,Pilot Grove,0
2024-09-03,Smithville,7,Platte County,1
2024-09-03,Marceline,16,Polo,3
2024-09-03,Fox,2,Poplar Bluff,6
2024-09-03,Gallatin,6,Putnam County,3
2024-09-03,Central (St. Joseph),16,Raytown South,0
2024-09-03,Ozark,10,Republic,0
2024-09-03,Dixon,8,Richland,9
2024-09-03,Lawson,20,Richmond,3
2024-09-03,Northwest (Cedar Hill),0,Rockwood Summit,7
2024-09-03,Carrollton,7,Schuyler County,5
2024-09-03,North County,6,Seckman,7
2024-09-03,Odessa,6,Savannah,1
2024-09-03,Brookfield,5,St. Elizabeth,6
2024-09-03,Wright City,12,St. Clair,2
2024-09-03,Lafayette (Wildwood),3,St. Joseph's Academy,0
2024-09-03,Lafayette (St. Joseph),20,St. Teresa's Academy,3
2024-09-03,Laquey,1,Westran,14
2024-09-03,Plattsburg,12,Summit Christian Academy,10
2024-09-03,North Point,0,Timberland,4
2024-09-03,Francis Howell Central,4,Troy Buchanan,5
2024-09-03,William Chrisman,1,St. Charles,16
2024-09-03,Maplewood-Richmond Hts.,16,University City,4
2024-09-03,St. Clair,5,Van Buren,6
2024-09-03,Camdenton,15,Warrensburg,3
2024-09-03,Nixa,1,Webb City,2
2024-09-03,Marquette,10,Webster Groves,3
2024-09-03,Madison,22,Wellsville-Middletown,3
2024-09-03,St. Pius X (Kansas City),0,West Platte,13
2024-09-03,Northeast (Cairo),18,Westran,2
2024-09-03,Kickapoo,13,Willard,0
2024-09-03,Orchard Farm,0,Winfield,10
2024-09-03,Ruskin,0,Winnetonka,18
2024-09-03,North Andrew,10,Worth County,4
2024-09-04,Harrisonville,0,Belton,12
2024-09-04,North Platte,24,Bishop LeBlond,5
2024-09-04,Kearney,2,Blue Springs,1
2024-09-04,Camdenton,7,Bolivar,5
2024-09-04,Putnam County,2,Brookfield,13
2024-09-04,Logan-Rogersville,4,Cassville,5
2024-09-04,Savannah,11,Central (St. Joseph),5
2024-09-04,Ladue Horton Watkins,10,Clayton,2
2024-09-04,Westminster Christian Academy,13,Cor Jesu Academy,5
2024-09-04,Lebanon,19,Cuba,11
2024-09-04,Maysville,4,DeKalb,11
2024-09-04,Parkway South,9,Eureka,4
2024-09-04,Hillsboro,4,Eureka,5
2024-09-04,Westminster Christian Academy,9,Francis Howell North,6
2024-09-04,Parkway Central,6,Francis Howell North,8
2024-09-04,Washington,2,Ft. Zumwalt West,7
2024-09-04,Marion C. Early,1,Glendale,7
2024-09-04,Hallsville,10,Harrisburg,0
2024-09-04,Parkway West,7,Hillsboro,4
2024-09-04,Westran,1,Iberia,13
2024-09-04,Warrensburg,0,Jefferson City,12
2024-09-04,Branson,0,Kickapoo,12
2024-09-04,Winnetonka,0,Lafayette (St. Joseph),3
2024-09-04,Cameron,7,Lafayette County,2
2024-09-04,Park Hill South,11,Lee's Summit North,15
2024-09-04,Liberty North,6,Liberty,5
2024-09-04,Jackson,5,Lindbergh,7
2024-09-04,Capital City,4,Linn,7
2024-09-04,Nerinx Hall,1,Lutheran South,16
2024-09-04,Westran,11,Madison,7
2024-09-04,Oak Grove,7,Marshall,2
2024-09-04,Bowling Green,2,Mexico,9
2024-09-04,Schuyler County,12,Moberly,0
2024-09-04,Mark Twain,6,Monroe City,16
2024-09-04,Sikeston,8,Naylor,2
2024-09-04,Liberty (Wentzville),11,North Point,3
2024-09-04,Festus,7,Northwest (Cedar Hill),10
2024-09-04,Chaffee,5,Notre Dame (Cape Girardeau),0
2024-09-04,Oakville,16,Notre Dame (St. Louis),4
2024-09-04,Ft. Zumwalt North,9,Orchard Farm,16
2024-09-04,South Shelby,3,Paris,10
2024-09-04,Wheatland,14,Parkview,1
2024-09-04,Cor Jesu Academy,8,Parkway Central,11
2024-09-04,Parkway West,11,Parkway South,6
2024-09-04,Mehlville,21,Pattonville,9
2024-09-04,St. Michael the Archangel,15,Penney,8
2024-09-04,St. Charles,0,Platte County,11
2024-09-04,North County,2,Poplar Bluff,3
2024-09-04,Crocker,11,Richland,10
2024-09-04,Seckman,10,Rockwood Summit,8
2024-09-04,Raytown South,21,Ruskin,0
2024-09-04,Princeton,12,Schuyler County,6
2024-09-04,Knob Noster,2,Savannah,4
2024-09-04,Winfield,7,St. Dominic,4
2024-09-04,Warrenton,10,St. Joseph's Academy,8
2024-09-04,Mid-Buchanan,15,St. Pius X (Kansas City),0
2024-09-04,Incarnate Word Academy,17,STEAM Academy,1
2024-09-04,Jamestown,15,Worth County,0
2024-09-04,Pilot Grove,7,Tuscumbia,2
2024-09-04,DeSoto,0,Union,12
2024-09-04,Webster Groves,11,Ursuline Academy,2
2024-09-05,Marion County,15,Atlanta,17
2024-09-05,St. Teresa's Academy,1,Benton,16
2024-09-05,Louisiana,15,Bowling Green,5
2024-09-05,Russellville,6,California,7
2024-09-05,Bishop LeBlond,0,Cameron,15
2024-09-05,Knox County,0,Canton,15
2024-09-05,Summit Christian Academy,1,Carrollton,2
2024-09-05,Battle,1,Centralia,11
2024-09-05,Scotland County,2,Clark County,17
2024-09-05,Normandy Collaborative,0,Clayton,16
2024-09-05,Halfway,18,Climax Springs,0
2024-09-05,Savannah,13,Clinton,1
2024-09-05,Wellsville-Middletown,0,Clopton,15
2024-09-05,Laquey,0,Dixon,25
2024-09-05,Kelly,1,Doniphan,12
2024-09-05,Notre Dame (Cape Girardeau),4,Doniphan,2
2024-09-05,DeKalb,7,East Buchanan,4
2024-09-05,Naylor,0,East Carter,18
2024-09-05,Southern Boone,14,Eldon,3
2024-09-05,Blair Oaks,3,Eugene,2
2024-09-05,Parkway Central,2,Eureka,13
2024-09-05,North County,0,Farmington,10
2024-09-05,Union,3,Fatima,13
2024-09-05,Troy Buchanan,4,Francis Howell,3
2024-09-05,Parkway South,3,Francis Howell North,6
2024-09-05,Timberland,16,Ft. Zumwalt North,0
2024-09-05,Marshall,3,Fulton,13
2024-09-05,Polo,1,Gallatin,11
2024-09-05,Carthage,6,Glendale,1
2024-09-05,St. Charles,0,Grain Valley,5
2024-09-05,Novinger,13,Green City,8
2024-09-05,Boonville,0,Hallsville,14
2024-09-05,Knob Noster,1,Harrisonville,3
2024-09-05,Aurora,2,Hartville,12
2024-09-05,STEAM Academy,18,Hazelwood Central,7
2024-09-05,Ritenour,5,Hazelwood West,2
2024-09-05,Kirkwood,5,Hazelwood West,9
2024-09-05,Community,18,Hermann,8
2024-09-05,Humansville,15,Hermitage,19
2024-09-05,Rolla,18,Hickman,20
2024-09-05,Cor Jesu Academy,11,Hillsboro,2
2024-09-05,Affton,0,Jefferson (Festus),10
2024-09-05,McDonald County,1,Joplin,12
2024-09-05,Poplar Bluff,4,Kelly,11
2024-09-05,Moberly,6,Kirksville,5
2024-09-05,Parkway North,8,Kirkwood,2
2024-09-05,Higbee,4,La Plata,10
2024-09-05,Chillicothe,4,Lawson,1
2024-09-05,Neosho,21,Lebanon,0
2024-09-05,Staley,0,Lee's Summit,2
2024-09-05,Ft. Zumwalt West,7,Liberty (Wentzville),0
2024-09-05,Monett,3,Logan-Rogersville,6
2024-09-05,Milan,0,Marceline,12
2024-09-05,Palmyra,1,Mark Twain,11
2024-09-05,Cassville,6,Marshfield,14
2024-09-05,Lathrop,17,Maysville,6
2024-09-05,Notre Dame (St. Louis),15,Mehlville,0
2024-09-05,Macon,12,Monroe City,2
2024-09-05,Republic,8,Nixa,3
2024-09-05,Lafayette (St. Joseph),5,North Platte,3
2024-09-05,Ft. Zumwalt South,2,North Point,12
2024-09-05,Brashear,0,North Shelby,10
2024-09-05,Paris,2,Northeast (Cairo),12
2024-09-05,Poplar Bluff,1,Notre Dame (Cape Girardeau),8
2024-09-05,Odessa,15,Notre Dame de Sion,0
2024-09-05,St. James,0,Osage,15
2024-09-05,Linn,6,Owensville,2
2024-09-05,Willard,4,Ozark,8
2024-09-05,North Kansas City,0,Park Hill,15
2024-09-05,Ritenour,16,Parkway North,4
2024-09-05,Westminster Christian Academy,2,Parkway West,6
2024-09-05,Lafayette County,8,Penney,18
2024-09-05,Harrisburg,9,Pilot Grove,2
2024-09-05,Holden,9,Pleasant Hill,6
2024-09-05,Kearney,2,Raymore-Peculiar,3
2024-09-05,Mid-Buchanan,2,Savannah,1
2024-09-05,Northwest (Cedar Hill),12,Seckman,3
2024-09-05,St. Clair,15,Sikeston,3
2024-09-05,Montgomery County,2,Silex,1
2024-09-05,Belton,9,Smithville,10
2024-09-05,Schuyler County,0,South Shelby,15
2024-09-05,Winfield,7,St. Charles,0
2024-09-05,St. Pius X (Festus),4,St. Joseph's Academy,9
2024-09-05,St. Dominic,12,St. Joseph's Academy,3
2024-09-05,Sherwood,7,St. Michael the Archangel,5
2024-09-05,North Harrison,2,Stanberry,18
2024-09-05,Fayette,19,Worth County,4
2024-09-05,St. Elizabeth,4,Trenton,2
2024-09-05,Neelyville,16,Valley Park,0
2024-09-05,Chaffee,9,Van Buren,0
2024-09-05,North Callaway,20,Van-Far,2
2024-09-05,Norwood,4,Walnut Grove,0
2024-09-05,Richmond,4,Warrensburg,19
2024-09-05,Holt,6,Warrenton,8
2024-09-05,Ft. Zumwalt East,1,Washington,12
2024-09-05,Webb City,22,Waynesville,0
2024-09-05,New Covenant Academy,7,Wheatland,0
2024-09-05,Raytown South,1,William Chrisman,13
2024-09-05,Webb City,4,Windsor (Imperial),3
2024-09-05,Princeton,2,Worth County,12
2024-09-05,Elsberry,14,Wright City,0
2024-09-06,Marion County,16,Bevier,6
2024-09-06,McDonald County,1,Blue Springs,12
2024-09-06,Neosho,1,Blue Springs,0
2024-09-06,Branson,7,Bolivar,4
2024-09-06,Linn County,0,Brashear,15
2024-09-06,West Plains,0,Carl Junction,10
2024-09-06,Marshfield,5,Carl Junction,4
2024-09-06,Branson,6,Carl Junction,5
2024-09-06,St. Pius X (Festus),13,Central (Cape Girardeau),2
2024-09-06,Iberia,12,Crocker,0
2024-09-06,Van Buren,4,Doniphan,10
2024-09-06,Central (Cape Girardeau),3,Doniphan,10
2024-09-06,Kickapoo,17,Farmington,0
2024-09-06,Marquette,23,Farmington,3
2024-09-06,Capital City,1,Fatima,16
2024-09-06,Lafayette (Wildwood),11,Festus,2
2024-09-06,Winfield,3,Festus,1
2024-09-06,Lindbergh,0,Francis Howell,7
2024-09-06,Oakville,0,Francis Howell,5
2024-09-06,Highland,4,Francis Howell Central,18
2024-09-06,West Platte,2,Ft. Zumwalt West,8
2024-09-06,Jackson,1,Ft. Zumwalt West,2
2024-09-06,Jamestown,5,Glasgow,6
2024-09-06,Humansville,0,Halfway,17
2024-09-06,Clark County,8,Harrisburg,9
2024-09-06,Westminster Christian Academy,3,Highland,1
2024-09-06,Branson,1,Hillcrest,0
2024-09-06,West Plains,4,Hillcrest,14
2024-09-06,Logan-Rogersville,12,Hillcrest,0
2024-09-06,Rockwood Summit,10,Jackson,5
2024-09-06,Van-Far,4,Jefferson City,2
2024-09-06,Staley,9,Joplin,6
2024-09-06,Raymore-Peculiar,5,Joplin,3
2024-09-06,Seckman,2,Kickapoo,11
2024-09-06,Silex,2,Lindbergh,4
2024-09-06,Bolivar,9,Logan-Rogersville,8
2024-09-06,Weaubleau,15,Macks Creek,13
2024-09-06,Hancock,2,Maplewood-Richmond Hts.,17
2024-09-06,Battle,5,Marion C. Early,4
2024-09-06,Seckman,3,Marquette,10
2024-09-06,Bolivar,6,Marshfield,5
2024-09-06,Logan-Rogersville,2,Marshfield,6
2024-09-06,Neosho,5,McDonald County,0
2024-09-06,St. Clair,18,Naylor,4
2024-09-06,Ladue Horton Watkins,20,Nerinx Hall,0
2024-09-06,Willard,0,Nevada,5
2024-09-06,Madison,3,New Franklin,14
2024-09-06,DeSoto,1,Northwest (Cedar Hill),7
2024-09-06,Silex,0,Oakville,6
2024-09-06,Park Hill South,5,Ozark,6
2024-09-06,Webb City,9,Ozark,2
2024-09-06,Webb City,7,Park Hill South,4
2024-09-06,Parkway South,7,Parkway North,0
2024-09-06,University City,22,Pattonville,29
2024-09-06,Staley,0,Raymore-Peculiar,9
2024-09-06,Westran,7,Richland,5
2024-09-06,West Platte,2,Rockwood Summit,10
2024-09-06,Lafayette (Wildwood),4,Southern Boone,0
2024-09-06,Winfield,2,Southern Boone,4
2024-09-06,Troy Buchanan,0,Timberland,4
2024-09-06,Meadville,6,Tri-County,16
2024-09-06,Climax Springs,1,Tuscumbia,16
2024-09-06,St. Dominic,13,Ursuline Academy,2
2024-09-06,St. Pius X (Festus),5,Van Buren,4
2024-09-06,Notre Dame (St. Louis),7,Webster Groves,8
2024-09-07,Worth County,7,Albany,11
2024-09-07,Ozark,1,Blue Springs,12
2024-09-07,Joplin,4,Blue Springs,7
2024-09-07,South Shelby,0,Brookfield,9
2024-09-07,Montgomery County,9,Brookfield,0
2024-09-07,Montgomery County,6,Canton,2
2024-09-07,Clark County,6,Canton,7
2024-09-07,Poplar Bluff,15,Central (Cape Girardeau),9
2024-09-07,Neelyville,18,Central (Cape Girardeau),0
2024-09-07,Perryville,0,Chaffee,12
2024-09-07,South Shelby,14,Clark County,9
2024-09-07,Knox County,2,Clark County,7
2024-09-07,Marceline,4,Clopton,2
2024-09-07,Clopton,11,Community,0
2024-09-07,Marceline,15,Community,8
2024-09-07,Fredericktown,7,DeSoto,10
2024-09-07,Sikeston,8,DeSoto,5
2024-09-07,Highland,9,Elsberry,7
2024-09-07,Westminster Christian Academy,2,Elsberry,11
2024-09-07,Francis Howell Central,10,Elsberry,0
2024-09-07,Jackson,13,Farmington,3
2024-09-07,Festus,7,Farmington,5
2024-09-07,Silex,16,Farmington,6
2024-09-07,Battle,9,Father Tolton,8
2024-09-07,Lindbergh,9,Festus,1
2024-09-07,Seckman,2,Festus,7
2024-09-07,Notre Dame (Cape Girardeau),6,Fox,2
2024-09-07,Kickapoo,10,Francis Howell,2
2024-09-07,Westminster Christian Academy,8,Francis Howell Central,2
2024-09-07,Sikeston,0,Fredericktown,20
2024-09-07,Marquette,1,Ft. Zumwalt West,6
2024-09-07,Lafayette (Wildwood),6,Ft. Zumwalt West,2
2024-09-07,Francis Howell,3,Ft. Zumwalt West,5
2024-09-07,Milan,8,Green City,7
2024-09-07,Montgomery County,13,Hannibal,6
2024-09-07,South Shelby,9,Hannibal,7
2024-09-07,Knox County,3,Hannibal,13
2024-09-07,Rock Bridge,5,Helias Catholic,4
2024-09-07,Lindbergh,6,Jackson,7
2024-09-07,Winfield,2,Jackson,6
2024-09-07,Ozark,2,Joplin,4
2024-09-07,St. Pius X (Festus),8,Kelly,9
2024-09-07,Lafayette (Wildwood),5,Kickapoo,0
2024-09-07,Rockwood Summit,0,Kickapoo,7
2024-09-07,Oakville,0,Lafayette (Wildwood),3
2024-09-07,West Platte,2,Lindbergh,15
2024-09-07,Father Tolton,15,Marion C. Early,1
2024-09-07,Rockwood Summit,12,Marquette,11
2024-09-07,Park Hill South,3,McDonald County,11
2024-09-07,Battle,8,Mexico,3
2024-09-07,Marion C. Early,1,Mexico,2
2024-09-07,Father Tolton,7,Mexico,6
2024-09-07,Knox County,3,Monroe City,13
2024-09-07,Brookfield,9,Monroe City,3
2024-09-07,Canton,7,Monroe City,1
2024-09-07,Staley,2,Neosho,3
2024-09-07,North Callaway,6,New Bloomfield,5
2024-09-07,Worth County,14,North Andrew,4
2024-09-07,Stanberry,10,North Andrew,8
2024-09-07,North Harrison,4,North Andrew,12
2024-09-07,St. Pius X (Festus),0,Notre Dame (Cape Girardeau),15
2024-09-07,Rockwood Summit,11,Oakville,9
2024-09-07,Neelyville,14,Poplar Bluff,3
2024-09-07,Stanberry,8,Princeton,9
2024-09-07,Worth County,5,Princeton,4
2024-09-07,Seneca,0,Republic,14
2024-09-07,West Platte,6,Seckman,5
2024-09-07,Silex,6,Seckman,14
2024-09-07,Winfield,3,Silex,2
2024-09-07,Marquette,4,Southern Boone,3
2024-09-07,Oakville,3,Southern Boone,5
2024-09-07,Francis Howell,9,Southern Boone,3
2024-09-07,Neosho,1,Webb City,3
2024-09-07,Staley,3,Webb City,4
2024-09-07,Winfield,13,West Platte,3
2024-09-09,Northeast Nodaway,3,Albany,6
2024-09-09,Lee's Summit,10,Blue Springs,12
2024-09-09,New Covenant Academy,3,Bolivar,13
2024-09-09,Fayette,9,Boonville,3
2024-09-09,Worth County,3,Brashear,5
2024-09-09,Penney,4,Brookfield,8
2024-09-09,Carl Junction,3,Cassville,11
2024-09-09,Smithville,9,Central (St. Joseph),0
2024-09-09,Glasgow,6,Community,7
2024-09-09,Warrenton,0,Elsberry,15
2024-09-09,California,3,Eugene,8
2024-09-09,Belton,1,Fort Osage,0
2024-09-09,Farmington,1,Fox,6
2024-09-09,Blue Springs South,3,Grain Valley,5
2024-09-09,Marshfield,19,Halfway,3
2024-09-09,Mexico,2,Hallsville,7
2024-09-09,Orchard Farm,5,Hazelwood West,6
2024-09-09,Jefferson City,10,Hickman,5
2024-09-09,Monroe City,0,Highland,15
2024-09-09,Parkview,1,Hillcrest,16
2024-09-09,Francis Howell Central,23,Holt,7
2024-09-09,Blair Oaks,2,Iberia,6
2024-09-09,Ritenour,2,Incarnate Word Academy,4
2024-09-09,Hazelwood Central,21,Jennings,13
2024-09-09,Neelyville,8,Kelly,1
2024-09-09,Chillicothe,5,Kirksville,4
2024-09-09,Maryville,4,Lawson,20
2024-09-09,Richmond,6,Lexington,16
2024-09-09,Timberland,3,Liberty (Wentzville),10
2024-09-09,Lee's Summit West,6,Liberty North,2
2024-09-09,Mehlville,0,Lindbergh,20
2024-09-09,Fatima,3,Linn,1
2024-09-09,Webb City,4,Lutheran South,3
2024-09-09,Hermann,15,Maplewood-Richmond Hts.,1
2024-09-09,Mark Twain,14,Marion County,4
2024-09-09,Francis Howell,15,Marquette,2
2024-09-09,Putnam County,9,Mercer,7
2024-09-09,St. Elizabeth,0,Mid-Buchanan,12
2024-09-09,Seneca,0,Neosho,6
2024-09-09,Logan-Rogersville,0,Nevada,10
2024-09-09,Russellville,5,North Callaway,13
2024-09-09,East Carter,7,North County,17
2024-09-09,Winnetonka,5,North Kansas City,1
2024-09-09,Westran,7,North Shelby,8
2024-09-09,Wheatland,1,Norwood,5
2024-09-09,Excelsior Springs,12,Oak Park,4
2024-09-09,Parkway West,8,Oakville,10
2024-09-09,West Plains,18,Osage,9
2024-09-09,Northwest (Cedar Hill),13,Pacific,0
2024-09-09,Wellsville-Middletown,0,Paris,19
2024-09-09,Lee's Summit North,2,Park Hill,10
2024-09-09,St. Charles,4,Park Hill South,14
2024-09-09,Nerinx Hall,7,Pattonville,12
2024-09-09,Jamestown,11,Pilot Grove,1
2024-09-09,Ruskin,0,Platte County,15
2024-09-09,Trenton,3,Princeton,6
2024-09-09,Parkway North,1,Rockwood Summit,11
2024-09-09,Lebanon,3,Rolla,8
2024-09-09,Cuba,0,Slater,11
2024-09-09,Parkway South,6,St. Dominic,4
2024-09-09,Festus,4,St. Joseph's Academy,6
2024-09-09,Knob Noster,1,St. Michael the Archangel,6
2024-09-09,Raymore-Peculiar,8,Staley,0
2024-09-09,Maysville,0,Stanberry,13
2024-09-09,Climax Springs,0,Westran,19
2024-09-09,Harrisonville,2,Summit Christian Academy,3
2024-09-09,Dixon,8,Tuscumbia,4
2024-09-09,Savannah,10,Warrensburg,4
2024-09-09,McDonald County,3,Webb City,8
2024-09-09,St. Joseph's Academy,2,Westminster Christian Academy,12
2024-09-09,Raytown,4,William Chrisman,7
2024-09-09,Notre Dame (St. Louis),3,Windsor (Imperial),11
2024-09-09,St. Charles,13,Wright City,14
2024-09-10,Grain Valley,2,Belton,0
2024-09-10,Savannah,12,Benton,5
2024-09-10,Linn County,5,Bevier,20
2024-09-10,Capital City,5,Blair Oaks,1
2024-09-10,Parkview,0,Bolivar,15
2024-09-10,Osage,2,Boonville,4
2024-09-10,Ozark,11,Branson,1
2024-09-10,Eldon,5,California,11
2024-09-10,Maryville,0,Cameron,4
2024-09-10,Kickapoo,7,Carthage,5
2024-09-10,Fort Osage,12,Central (St. Joseph),1
2024-09-10,Highland,0,Centralia,3
2024-09-10,Lafayette (St. Joseph),1,Chillicothe,11
2024-09-10,University City,2,Clayton,17
2024-09-10,Pleasant Hill,14,Clinton,2
2024-09-10,Tuscumbia,6,Crocker,7
2024-09-10,Laquey,2,Dixon,38
2024-09-10,St. Clair,1,Doniphan,11
2024-09-10,Bowling Green,0,Elsberry,7
2024-09-10,North Kansas City,0,Excelsior Springs,15
2024-09-10,New Bloomfield,1,Fayette,2
2024-09-10,Francis Howell,5,Francis Howell North,0
2024-09-10,East Carter,1,Fredericktown,7
2024-09-10,Ft. Zumwalt North,18,Ft. Zumwalt South,8
2024-09-10,Eugene,4,Fulton,9
2024-09-10,Pattonville,2,Hazelwood West,17
2024-09-10,St. Clair,1,Hermann,11
2024-09-10,Weaubleau,19,Hermitage,0
2024-09-10,Festus,3,Hillsboro,0
2024-09-10,Knob Noster,2,Holden,9
2024-09-10,Marquette,0,Jackson,10
2024-09-10,Glendale,2,Joplin,5
2024-09-10,Staley,1,Kearney,10
2024-09-10,North County,0,Kelly,5
2024-09-10,Mexico,5,Kirksville,2
2024-09-10,Marion County,3,Knox County,18
2024-09-10,Palmyra,2,La Plata,4
2024-09-10,Parkway West,0,Lafayette (Wildwood),3
2024-09-10,Carrollton,21,Lafayette County,2
2024-09-10,Blue Springs,14,Lee's Summit North,12
2024-09-10,Blue Springs South,11,Lee's Summit West,5
2024-09-10,Lathrop,9,Lexington,4
2024-09-10,Francis Howell Central,1,Liberty (Wentzville),3
2024-09-10,Silex,10,Louisiana,0
2024-09-10,Brookfield,5,Macon,4
2024-09-10,New Covenant Academy,4,Marion C. Early,15
2024-09-10,Seneca,4,McDonald County,12
2024-09-10,Ladue Horton Watkins,4,Mehlville,1
2024-09-10,Hannibal,4,Moberly,9
2024-09-10,Aurora,0,Monett,11
2024-09-10,Clark County,2,Monroe City,16
2024-09-10,Mark Twain,1,Montgomery County,8
2024-09-10,Notre Dame (Cape Girardeau),2,Neelyville,4
2024-09-10,Cassville,0,Nevada,3
2024-09-10,Northeast (Cairo),1,New Franklin,2
2024-09-10,Albany,8,North Andrew,1
2024-09-10,Wright City,4,North Callaway,7
2024-09-10,St. Joseph's Academy,0,Northwest (Cedar Hill),10
2024-09-10,Valley Park,5,Notre Dame (St. Louis),10
2024-09-10,St. Michael the Archangel,16,Notre Dame de Sion,0
2024-09-10,Green City,7,Novinger,8
2024-09-10,Parkway North,0,Oakville,12
2024-09-10,St. Charles,11,Orchard Farm,1
2024-09-10,Pacific,8,Owensville,9
2024-09-10,North Shelby,0,Paris,4
2024-09-10,Lee's Summit,13,Park Hill South,4
2024-09-10,Seckman,4,Parkway Central,1
2024-09-10,Webster Groves,0,Parkway South,3
2024-09-10,Community,14,Pilot Grove,1
2024-09-10,Milan,4,Polo,8
2024-09-10,Chaffee,15,Poplar Bluff,2
2024-09-10,Maysville,3,Putnam County,9
2024-09-10,Liberty North,12,Raymore-Peculiar,9
2024-09-10,Raytown South,2,Raytown,12
2024-09-10,Waynesville,3,Republic,13
2024-09-10,Kirkwood,8,Ritenour,5
2024-09-10,Battle,1,Rock Bridge,11
2024-09-10,Fox,1,Rockwood Summit,16
2024-09-10,Hallsville,2,Schuyler County,3
2024-09-10,Atlanta,6,Scotland County,11
2024-09-10,Odessa,11,Sherwood,3
2024-09-10,Perryville,6,Sikeston,5
2024-09-10,Liberty,3,Smithville,4
2024-09-10,Van-Far,4,Slater,7
2024-09-10,Marceline,9,St. Elizabeth,12
2024-09-10,Clopton,2,South Shelby,5
2024-09-10,Hickman,5,Southern Boone,9
2024-09-10,Camdenton,1,Van-Far,2
2024-09-10,Eureka,14,St. Joseph's Academy,5
2024-09-10,Bishop LeBlond,6,St. Pius X (Kansas City),13
2024-09-10,East Buchanan,3,St. Teresa's Academy,18
2024-09-10,Worth County,6,Stanberry,2
2024-09-10,Ruskin,0,Summit Christian Academy,16
2024-09-10,Ft. Zumwalt East,0,Timberland,7
2024-09-10,Gallatin,8,Trenton,2
2024-09-10,Ft. Zumwalt West,5,Troy Buchanan,2
2024-09-10,Platte County,10,St. Charles,3
2024-09-10,St. James,0,Union,15
2024-09-10,Humansville,4,Walnut Grove,18
2024-09-10,North Point,6,Washington,13
2024-09-10,Lebanon,2,Webb City,12
2024-09-10,Canton,24,Westran,9
2024-09-10,Nixa,13,Willard,6
2024-09-10,Jefferson (Festus),8,Windsor (Imperial),9
2024-09-10,Warrenton,1,Winfield,5
2024-09-11,North Andrew,22,Bishop LeBlond,1
2024-09-11,Hallsville,2,Blair Oaks,0
2024-09-11,Lee's Summit West,5,Blue Springs,6
2024-09-11,Dixon,1,Camdenton,8
2024-09-11,Bowling Green,3,Canton,8
2024-09-11,Jefferson (Festus),1,Chaffee,6
2024-09-11,South Shelby,5,Elsberry,3
2024-09-11,Lafayette (Wildwood),11,Eureka,5
2024-09-11,Fatima,0,Father Tolton,10
2024-09-11,Francis Howell Central,1,Ft. Zumwalt West,2
2024-09-11,Harrisburg,2,Glasgow,4
2024-09-11,Hillcrest,4,Glendale,18
2024-09-11,Central (Cape Girardeau),0,Jackson,15
2024-09-11,Helias Catholic,1,Jefferson City,0
2024-09-11,Carl Junction,5,Joplin,3
2024-09-11,Webster Groves,15,Kirkwood,6
2024-09-11,Hillsboro,4,Lindbergh,5
2024-09-11,Centralia,8,Moberly,3
2024-09-11,Mehlville,13,Nerinx Hall,0
2024-09-11,Fredericktown,0,North County,4
2024-09-11,Farmington,0,Notre Dame (Cape Girardeau),2
2024-09-11,Lutheran South,13,Notre Dame (St. Louis),3
2024-09-11,Harrisonville,10,Oak Grove,11
2024-09-11,Warrensburg,1,Odessa,9
2024-09-11,STEAM Academy,0,Orchard Farm,15
2024-09-11,Smithville,2,Park Hill,7
2024-09-11,Hazelwood West,2,Parkway North,1
2024-09-11,Northwest (Cedar Hill),11,Parkway South,4
2024-09-11,Battle,1,Rolla,4
2024-09-11,William Chrisman,16,Ruskin,0
2024-09-11,Clark County,15,Schuyler County,10
2024-09-11,Windsor (Imperial),9,Seckman,15
2024-09-11,Winfield,9,Silex,1
2024-09-11,Boonville,6,Savannah,9
2024-09-11,Cor Jesu Academy,2,St. Dominic,9
2024-09-11,North Kansas City,5,St. Pius X (Kansas City),9
2024-09-11,Pleasant Hill,10,St. Charles,8
2024-09-11,St. Pius X (Festus),8,Valley Park,23
2024-09-11,Paris,8,Van-Far,3
2024-09-11,Troy Buchanan,2,Washington,8
2024-09-11,Louisiana,20,Wellsville-Middletown,0
2024-09-11,Parkway West,13,Westminster Christian Academy,7
2024-09-11,Westran,7,Wheatland,8
2024-09-12,McDonald County,22,Aurora,11
2024-09-12,St. Pius X (Kansas City),2,Benton,17
2024-09-12,Eldon,0,Blair Oaks,9
2024-09-12,Lee's Summit West,5,Blue Springs,6
2024-09-12,Mark Twain,5,Bowling Green,6
2024-09-12,Nixa,11,Branson,0
2024-09-12,Trenton,2,Brookfield,3
2024-09-12,Iberia,11,California,0
2024-09-12,Rolla,0,Capital City,10
2024-09-12,Webb City,6,Carl Junction,4
2024-09-12,Seneca,2,Cassville,1
2024-09-12,Crocker,14,Climax Springs,2
2024-09-12,Odessa,11,Clinton,2
2024-09-12,Elsberry,10,Clopton,0
2024-09-12,Notre Dame (St. Louis),1,Cor Jesu Academy,8
2024-09-12,Jackson,20,East Carter,3
2024-09-12,Parkview,1,Fair Play,16
2024-09-12,Seckman,3,Fox,2
2024-09-12,Liberty (Wentzville),1,Francis Howell,11
2024-09-12,North Point,7,Ft. Zumwalt East,8
2024-09-12,Washington,19,Ft. Zumwalt North,4
2024-09-12,Kirksville,9,Fulton,13
2024-09-12,St. Elizabeth,1,Gallatin,3
2024-09-12,Pilot Grove,1,Glasgow,11
2024-09-12,Neosho,12,Glendale,1
2024-09-12,Raytown,0,Grain Valley,15
2024-09-12,Bevier,11,Green City,12
2024-09-12,McCluer,25,Hancock,3
2024-09-12,Eugene,10,Harrisburg,2
2024-09-12,Owensville,8,Hermann,9
2024-09-12,Madison,2,Higbee,13
2024-09-12,Winfield,16,Holt,0
2024-09-12,Wheatland,17,Humansville,0
2024-09-12,Fatima,4,Jefferson City,6
2024-09-12,Normandy Collaborative,6,Jennings,16
2024-09-12,Joplin,2,Kickapoo,4
2024-09-12,St. Joseph's Academy,6,Kirkwood,4
2024-09-12,Carrollton,12,Knob Noster,1
2024-09-12,New Franklin,4,La Plata,2
2024-09-12,Plattsburg,7,Lawson,8
2024-09-12,Republic,12,Lebanon,1
2024-09-12,Holden,20,Lexington,0
2024-09-12,Lee's Summit North,1,Liberty,7
2024-09-12,Blue Springs South,0,Liberty North,1
2024-09-12,Russellville,0,Linn,6
2024-09-12,Van-Far,0,Louisiana,10
2024-09-12,Incarnate Word Academy,3,Lutheran South,2
2024-09-12,Putnam County,1,Marceline,11
2024-09-12,Lafayette (St. Joseph),4,Maryville,3
2024-09-12,Polo,7,Maysville,3
2024-09-12,Brashear,9,Meadville,4
2024-09-12,Hannibal,0,Mexico,10
2024-09-12,East Buchanan,0,Mid-Buchanan,24
2024-09-12,Highland,9,Milan,0
2024-09-12,Macon,11,Moberly,0
2024-09-12,Palmyra,3,Monroe City,10
2024-09-12,Monett,0,Nevada,7
2024-09-12,Worth County,5,New Bloomfield,9
2024-09-12,Halfway,3,New Covenant Academy,7
2024-09-12,Worth County,10,North Harrison,4
2024-09-12,Canton,1,North Shelby,10
2024-09-12,Atlanta,0,Northeast (Cairo),15
2024-09-12,Hartville,3,Norwood,6
2024-09-12,Schuyler County,6,Novinger,4
2024-09-12,Slater,5,Osage,7
2024-09-12,Carthage,4,Ozark,2
2024-09-12,Webb City,11,Pacific,1
2024-09-12,Knox County,0,Paris,14
2024-09-12,Kearney,13,Park Hill South,6
2024-09-12,Parkway Central,2,Parkway West,7
2024-09-12,North Platte,8,Penney,0
2024-09-12,Hillsboro,12,Perryville,0
2024-09-12,Belton,4,Platte County,5
2024-09-12,Oak Grove,7,Pleasant Hill,5
2024-09-12,Stanberry,13,Princeton,3
2024-09-12,Lee's Summit,3,Raymore-Peculiar,7
2024-09-12,St. Teresa's Academy,15,Raytown South,0
2024-09-12,Laquey,0,Richland,15
2024-09-12,Lafayette County,15,Richmond,0
2024-09-12,Lindbergh,2,Rockwood Summit,9
2024-09-12,Cameron,3,Savannah,18
2024-09-12,Westran,14,Scotland County,2
2024-09-12,Marshall,6,Savannah,7
2024-09-12,Marion County,0,South Shelby,15
2024-09-12,Union,14,St. Clair,0
2024-09-12,Notre Dame de Sion,2,Summit Christian Academy,6
2024-09-12,Ft. Zumwalt South,0,Timberland,10
2024-09-12,Francis Howell North,0,Troy Buchanan,11
2024-09-12,Harrisonville,17,Warrensburg,13
2024-09-12,Orchard Farm,5,Warrenton,11
2024-09-12,Willard,16,Waynesville,1
2024-09-12,Oakville,9,Webster Groves,4
2024-09-12,North Callaway,20,Wellsville-Middletown,0
2024-09-12,Lathrop,1,West Platte,9
2024-09-12,Fort Osage,20,William Chrisman,2
2024-09-12,Oak Park,12,Winnetonka,0
2024-09-12,Montgomery County,15,Wright City,2
2024-09-13,Norwood,12,Aurora,3
2024-09-13,Sherwood,1,Boonville,12
2024-09-13,Lafayette County,3,Boonville,15
2024-09-13,Crocker,0,Camdenton,11
2024-09-13,Webb City,0,Camdenton,3
2024-09-13,Grain Valley,7,Carthage,2
2024-09-13,Kearney,5,Carthage,1
2024-09-13,Marquette,7,Carthage,12
2024-09-13,Sherwood,3,Clinton,7
2024-09-13,Lafayette County,6,Clinton,1
2024-09-13,Silex,5,Community,6
2024-09-13,Incarnate Word Academy,2,Cor Jesu Academy,5
2024-09-13,Lafayette (Wildwood),3,Eureka,2
2024-09-13,Rock Bridge,12,Eureka,4
2024-09-13,Republic,5,Excelsior Springs,3
2024-09-13,Washington,17,Farmington,0
2024-09-13,St. Dominic,2,Farmington,0
2024-09-13,Washington,12,Festus,1
2024-09-13,St. Dominic,3,Festus,5
2024-09-13,Timberland,0,Francis Howell,10
2024-09-13,Staley,2,Francis Howell Central,7
2024-09-13,Union,2,Francis Howell North,9
2024-09-13,Pacific,0,Francis Howell North,20
2024-09-13,Pattonville,0,Ft. Zumwalt North,18
2024-09-13,Republic,2,Ft. Zumwalt West,10
2024-09-13,Smithville,7,Ft. Zumwalt West,9
2024-09-13,Neosho,5,Ft. Zumwalt West,4
2024-09-13,North Point,6,Fulton,7
2024-09-13,Marshfield,10,Fulton,0
2024-09-13,Schuyler County,15,Glasgow,0
2024-09-13,Excelsior Springs,11,Glendale,1
2024-09-13,Walnut Grove,5,Halfway,8
2024-09-13,Ritenour,6,Hazelwood West,7
2024-09-13,Rock Bridge,2,Helias Catholic,3
2024-09-13,Maplewood-Richmond Hts.,11,Hermann,17
2024-09-13,Fatima,7,Hickman,3
2024-09-13,Lebanon,8,Hillsboro,13
2024-09-13,Marshall,0,Hillsboro,3
2024-09-13,St. Joseph's Academy,6,Iberia,9
2024-09-13,Westminster Christian Academy,0,Iberia,1
2024-09-13,Grain Valley,4,Jackson,1
2024-09-13,Lee's Summit West,2,Jackson,5
2024-09-13,St. Charles,1,Jackson,13
2024-09-13,Nixa,2,Kearney,7
2024-09-13,Grain Valley,3,Kickapoo,2
2024-09-13,Marquette,2,Kickapoo,8
2024-09-13,St. Charles,0,Kickapoo,10
2024-09-13,Nevada,8,Kirkwood,1
2024-09-13,Montgomery County,9,Kirkwood,3
2024-09-13,STEAM Academy,1,Ladue Horton Watkins,17
2024-09-13,Helias Catholic,0,Lafayette (Wildwood),6
2024-09-13,Waynesville,17,Laquey,5
2024-09-13,Marshall,6,Lebanon,10
2024-09-13,Father Tolton,6,Lee's Summit,1
2024-09-13,North Callaway,3,Lee's Summit,8
2024-09-13,Ozark,7,Lee's Summit West,6
2024-09-13,Neosho,1,Lee's Summit West,4
2024-09-13,St. Michael the Archangel,12,Lexington,0
2024-09-13,Warrensburg,12,Lexington,1
2024-09-13,North Point,6,Linn,13
2024-09-13,California,2,Linn,13
2024-09-13,Seneca,5,Logan-Rogersville,3
2024-09-13,Parkway Central,10,Lutheran South,11
2024-09-13,Hermitage,4,Macks Creek,14
2024-09-13,Nixa,7,Marquette,0
2024-09-13,California,4,Marshfield,14
2024-09-13,Willard,7,McDonald County,6
2024-09-13,Fair Play,0,Monett,15
2024-09-13,Smithville,6,Neosho,2
2024-09-13,Montgomery County,0,Nevada,4
2024-09-13,Battle,1,New Bloomfield,7
2024-09-13,Father Tolton,16,North Callaway,1
2024-09-13,DeSoto,0,North County,11
2024-09-13,Savannah,0,Northwest (Cedar Hill),10
2024-09-13,Van-Far,4,Northwest (Cedar Hill),2
2024-09-13,Bevier,3,Novinger,8
2024-09-13,New Bloomfield,7,Oak Park,6
2024-09-13,Battle,10,Oak Park,9
2024-09-13,Excelsior Springs,1,Ozark,6
2024-09-13,Smithville,0,Republic,5
2024-09-13,Tuscumbia,1,Richland,11
2024-09-13,Osage,6,Russellville,7
2024-09-13,Union,6,Seckman,5
2024-09-13,Pacific,2,Seckman,13
2024-09-13,Van-Far,10,Savannah,0
2024-09-13,Francis Howell Central,4,Southern Boone,17
2024-09-13,Staley,4,Southern Boone,0
2024-09-13,Webb City,1,Southern Boone,3
2024-09-13,Westminster Christian Academy,9,St. Joseph's Academy,0
2024-09-13,St. Joseph's Academy,13,St. Pius X (Festus),1
2024-09-13,St. Michael the Archangel,5,St. Teresa's Academy,8
2024-09-13,Newburg,0,Westran,15
2024-09-13,Crocker,0,Webb City,15
2024-09-13,Nixa,8,St. Charles,4
2024-09-13,Hancock,6,University City,21
2024-09-13,St. Teresa's Academy,12,Warrensburg,20
2024-09-13,Wright City,6,Warrenton,9
2024-09-13,Rockwood Summit,10,Webster Groves,1
2024-09-14,STEAM Academy,16,Affton,6
2024-09-14,Ladue Horton Watkins,6,Affton,1
2024-09-14,Worth County,3,Albany,7
2024-09-14,Walnut Grove,12,Aurora,5
2024-09-14,Fair Play,7,Aurora,14
2024-09-14,North Platte,3,Benton,2
2024-09-14,Warrensburg,2,Boonville,3
2024-09-14,North Point,9,California,10
2024-09-14,Staley,8,Camdenton,7
2024-09-14,Francis Howell Central,3,Camdenton,1
2024-09-14,Northeast (Cairo),13,Canton,4
2024-09-14,Lathrop,0,Carrollton,10
2024-09-14,Penney,0,Carrollton,17
2024-09-14,Lee's Summit West,7,Carthage,6
2024-09-14,Ft. Zumwalt West,9,Carthage,3
2024-09-14,West Platte,8,Central (St. Joseph),6
2024-09-14,Benton,6,Central (St. Joseph),4
2024-09-14,Maryville,3,Central (St. Joseph),5
2024-09-14,Marceline,0,Chillicothe,4
2024-09-14,Macon,5,Chillicothe,8
2024-09-14,Holden,1,Chillicothe,9
2024-09-14,St. Michael the Archangel,2,Clinton,3
2024-09-14,North Shelby,8,Clopton,1
2024-09-14,Valley Park,3,Clopton,17
2024-09-14,Maysville,3,DeKalb,7
2024-09-14,Maysville,12,East Buchanan,3
2024-09-14,DeKalb,13,East Buchanan,4
2024-09-14,Silex,0,Elsberry,8
2024-09-14,Valley Park,1,Elsberry,11
2024-09-14,North Shelby,1,Elsberry,14
2024-09-14,Madison,3,Eugene,14
2024-09-14,Helias Catholic,1,Eureka,4
2024-09-14,Hickman,4,Eureka,7
2024-09-14,Nixa,5,Excelsior Springs,7
2024-09-14,Festus,9,Farmington,2
2024-09-14,Pacific,0,Farmington,11
2024-09-14,Jamestown,7,Fayette,3
2024-09-14,Madison,3,Fayette,15
2024-09-14,Seckman,2,Festus,14
2024-09-14,Crocker,2,Francis Howell Central,16
2024-09-14,Seckman,0,Francis Howell North,9
2024-09-14,St. Dominic,9,Francis Howell North,7
2024-09-14,Ritenour,4,Ft. Zumwalt North,1
2024-09-14,Hazelwood West,1,Ft. Zumwalt North,9
2024-09-14,Kickapoo,2,Ft. Zumwalt West,1
2024-09-14,Linn,3,Fulton,0
2024-09-14,California,2,Fulton,6
2024-09-14,Marion C. Early,3,Halfway,15
2024-09-14,Pattonville,3,Hazelwood West,17
2024-09-14,Lafayette (Wildwood),8,Hickman,9
2024-09-14,Father Tolton,2,Hillsboro,0
2024-09-14,North Callaway,5,Hillsboro,6
2024-09-14,Marshall,0,Hillsboro,3
2024-09-14,Savannah,2,Holden,5
2024-09-14,New Bloomfield,2,Iberia,5
2024-09-14,Republic,15,Jackson,3
2024-09-14,Neosho,0,Jackson,10
2024-09-14,New Franklin,2,Jamestown,0
2024-09-14,Neosho,1,Kearney,4
2024-09-14,Kearney,5,Kickapoo,3
2024-09-14,St. Elizabeth,5,Kirksville,6
2024-09-14,Macon,15,Kirksville,5
2024-09-14,Holden,6,Kirksville,0
2024-09-14,Savannah,9,Kirkwood,2
2024-09-14,Northwest (Cedar Hill),8,Kirkwood,7
2024-09-14,West Platte,12,Lafayette (St. Joseph),0
2024-09-14,Trenton,9,Lafayette (St. Joseph),8
2024-09-14,Maryville,4,Lafayette (St. Joseph),9
2024-09-14,Rock Bridge,4,Lafayette (Wildwood),7
2024-09-14,St. Teresa's Academy,2,Lafayette County,12
2024-09-14,Polo,3,Lathrop,9
2024-09-14,Richmond,2,Lathrop,17
2024-09-14,Marceline,1,Lawson,16
2024-09-14,Savannah,5,Lawson,3
2024-09-14,Lebanon,0,Lee's Summit,15
2024-09-14,Marshall,3,Lee's Summit,9
2024-09-14,Republic,2,Lee's Summit West,16
2024-09-14,Clopton,7,Louisiana,6
2024-09-14,North Shelby,3,Louisiana,4
2024-09-14,Silex,1,Louisiana,2
2024-09-14,Lawson,4,Macon,7
2024-09-14,St. Elizabeth,4,Marceline,1
2024-09-14,Norwood,9,Marion C. Early,10
2024-09-14,Grain Valley,16,Marquette,6
2024-09-14,Smithville,15,Marquette,12
2024-09-14,Father Tolton,6,Marshall,11
2024-09-14,North Point,3,Marshfield,8
2024-09-14,Linn,1,Marshfield,0
2024-09-14,Bishop LeBlond,8,Maryville,16
2024-09-14,Novinger,11,Meadville,13
2024-09-14,Milan,10,Meadville,0
2024-09-14,Milan,3,Milan,18
2024-09-14,Norwood,0,Monett,4
2024-09-14,Halfway,0,Monett,10
2024-09-14,Van-Far,7,Montgomery County,4
2024-09-14,Savannah,0,Nevada,1
2024-09-14,Van-Far,4,Nevada,3
2024-09-14,Westminster Christian Academy,2,New Bloomfield,4
2024-09-14,Battle,1,New Bloomfield,7
2024-09-14,Lebanon,5,North Callaway,12
2024-09-14,Bishop LeBlond,1,North Platte,23
2024-09-14,West Platte,3,North Platte,10
2024-09-14,Montgomery County,2,Northwest (Cedar Hill),10
2024-09-14,Tri-County,14,Novinger,7
2024-09-14,St. Joseph's Academy,12,Oak Park,8
2024-09-14,Iberia,5,Oak Park,3
2024-09-14,Grain Valley,6,Ozark,0
2024-09-14,Smithville,2,Ozark,4
2024-09-14,Northeast (Cairo),5,Palmyra,4
2024-09-14,Canton,8,Palmyra,0
2024-09-14,Slater,0,Paris,10
2024-09-14,Community,6,Paris,5
2024-09-14,Ritenour,17,Pattonville,6
2024-09-14,Polo,2,Penney,4
2024-09-14,Richmond,2,Polo,17
2024-09-14,Smithville,0,Republic,3
2024-09-14,St. Elizabeth,4,Savannah,10
2024-09-14,Tri-County,1,Schuyler County,5
2024-09-14,Milan,11,Schuyler County,3
2024-09-14,Valley Park,2,Silex,5
2024-09-14,Community,7,Slater,5
2024-09-14,Crocker,0,Southern Boone,15
2024-09-14,Webb City,1,Southern Boone,3
2024-09-14,Battle,1,St. Joseph's Academy,3
2024-09-14,Hartville,10,St. James,0
2024-09-14,Waynesville,13,St. James,2
2024-09-14,Staley,3,Webb City,0
2024-09-14,Benton,10,Trenton,5
2024-09-14,Bishop LeBlond,0,Trenton,10
2024-09-14,Excelsior Springs,10,St. Charles,9
2024-09-14,Washington,2,Union,6
2024-09-14,Pacific,1,Union,17
2024-09-14,St. Dominic,10,Washington,5
2024-09-14,Hartville,9,Waynesville,6
2024-09-14,Battle,6,Westminster Christian Academy,11
2024-09-14,Eugene,3,Westran,11
2024-09-14,Fayette,0,Westran,5
2024-09-14,New Franklin,13,Westran,0
2024-09-16,Camdenton,10,Battle,0
2024-09-16,Ruskin,0,Belton,28
2024-09-16,Lathrop,2,Benton,6
2024-09-16,Paris,21,Bevier,0
2024-09-16,Blue Springs,3,Blue Springs South,6
2024-09-16,Lawson,0,Carrollton,10
2024-09-16,Cassville,1,Carthage,2
2024-09-16,Excelsior Springs,8,Central (St. Joseph),11
2024-09-16,Boonville,0,Centralia,15
2024-09-16,Northeast (Cairo),5,Community,2
2024-09-16,Oakville,4,Cor Jesu Academy,3
2024-09-16,Macks Creek,4,Crocker,11
2024-09-16,Lutheran South,2,DeSoto,3
2024-09-16,Notre Dame (Cape Girardeau),4,Doniphan,3
2024-09-16,Wheatland,18,Fair Play,1
2024-09-16,Fredericktown,4,Farmington,3
2024-09-16,Hickman,8,Father Tolton,7
2024-09-16,St. Joseph's Academy,3,Fatima,13
2024-09-16,Linn,8,Fayette,0
2024-09-16,Grain Valley,12,Fort Osage,1
2024-09-16,Timberland,9,Francis Howell Central,3
2024-09-16,Blair Oaks,4,Fulton,0
2024-09-16,Affton,19,Hancock,4
2024-09-16,Bowling Green,10,Hannibal,0
2024-09-16,Louisiana,3,Highland,6
2024-09-16,Marion C. Early,16,Hillcrest,9
2024-09-16,Nevada,2,Holden,1
2024-09-16,Eugene,1,Iberia,8
2024-09-16,Parkway North,5,Incarnate Word Academy,6
2024-09-16,Lee's Summit West,7,Kearney,17
2024-09-16,Macon,7,Kirksville,0
2024-09-16,Fox,7,Kirkwood,0
2024-09-16,South Shelby,11,La Plata,7
2024-09-16,Mid-Buchanan,12,Lafayette (St. Joseph),6
2024-09-16,Liberty North,19,Lee's Summit,5
2024-09-16,Raymore-Peculiar,12,Lee's Summit North,8
2024-09-16,Staley,0,Liberty,10
2024-09-16,Ft. Zumwalt West,7,Lindbergh,3
2024-09-16,Wellsville-Middletown,0,Marion County,18
2024-09-16,Hermann,2,Mark Twain,6
2024-09-16,Jennings,9,McCluer,21
2024-09-16,Ursuline Academy,5,Mehlville,0
2024-09-16,Bolivar,4,Monett,6
2024-09-16,Parkway Central,19,Nerinx Hall,2
2024-09-16,Slater,8,New Bloomfield,12
2024-09-16,Laquey,17,Newburg,6
2024-09-16,Hazelwood Central,20,Normandy Collaborative,18
2024-09-16,Chaffee,15,North County,0
2024-09-16,Raytown South,7,North Kansas City,11
2024-09-16,North Andrew,1,Northeast Nodaway,10
2024-09-16,William Chrisman,1,Oak Park,7
2024-09-16,Moberly,14,Palmyra,8
2024-09-16,Webster Groves,2,Parkway West,13
2024-09-16,Ladue Horton Watkins,8,Pattonville,1
2024-09-16,Kelly,7,Perryville,6
2024-09-16,Raytown,1,Platte County,16
2024-09-16,St. Elizabeth,9,Plattsburg,2
2024-09-16,Sherwood,3,Pleasant Hill,13
2024-09-16,Mercer,0,Princeton,11
2024-09-16,Halfway,12,Richland,1
2024-09-16,Hazelwood West,2,Ritenour,6
2024-09-16,Capital City,4,Rock Bridge,5
2024-09-16,Parkway South,10,Rockwood Summit,2
2024-09-16,Harrisburg,3,Russellville,9
2024-09-16,Atlanta,13,Schuyler County,23
2024-09-16,Carl Junction,14,Seneca,5
2024-09-16,Helias Catholic,5,Savannah,2
2024-09-16,Park Hill South,14,Smithville,7
2024-09-16,Jefferson (Festus),13,St. Clair,7
2024-09-16,Cuba,8,St. James,19
2024-09-16,North Platte,8,Stanberry,4
2024-09-16,Osage,7,Westran,2
2024-09-16,Troy Buchanan,13,Webb City,9
2024-09-16,Penney,0,Trenton,10
2024-09-16,Park Hill,7,St. Charles,0
2024-09-16,Washington,9,Union,10
2024-09-16,STEAM Academy,6,University City,16
2024-09-16,Monroe City,16,Van-Far,2
2024-09-16,St. Dominic,10,Warrenton,7
2024-09-16,Dixon,1,Waynesville,9
2024-09-16,Worth County,5,Westran,10
2024-09-16,Ft. Zumwalt South,2,Winfield,12
2024-09-16,St. Pius X (Kansas City),11,Winnetonka,5
2024-09-17,Meadville,16,Atlanta,7
2024-09-17,Seneca,12,Aurora,9
2024-09-17,Hickman,5,Battle,2
2024-09-17,Lawson,4,Benton,5
2024-09-17,Liberty North,13,Blue Springs,7
2024-09-17,Slater,4,California,6
2024-09-17,Branson,5,Carl Junction,15
2024-09-17,Richmond,0,Carrollton,21
2024-09-17,Nixa,5,Carthage,6
2024-09-17,Monett,2,Cassville,4
2024-09-17,Liberty,11,Central (St. Joseph),1
2024-09-17,Mexico,1,Centralia,4
2024-09-17,Cameron,0,Chillicothe,8
2024-09-17,STEAM Academy,8,Clayton,15
2024-09-17,Richland,21,Climax Springs,0
2024-09-17,Westminster Christian Academy,3,Cor Jesu Academy,5
2024-09-17,Jefferson (Festus),18,Cuba,2
2024-09-17,Doniphan,1,East Carter,2
2024-09-17,Van-Far,2,Elsberry,8
2024-09-17,Eldon,0,Eugene,12
2024-09-17,Jackson,9,Eureka,0
2024-09-17,Hermitage,1,Fair Play,11
2024-09-17,Linn,14,Father Tolton,3
2024-09-17,Van-Far,3,Fatima,8
2024-09-17,New Franklin,1,Fayette,3
2024-09-17,DeSoto,1,Festus,3
2024-09-17,Francis Howell,11,Francis Howell Central,3
2024-09-17,Ft. Zumwalt West,16,Francis Howell North,5
2024-09-17,Ft. Zumwalt East,20,Ft. Zumwalt South,3
2024-09-17,William Chrisman,0,Grain Valley,4
2024-09-17,Pleasant Hill,10,Harrisonville,1
2024-09-17,Dixon,2,Hartville,11
2024-09-17,McCluer,8,Hazelwood Central,4
2024-09-17,Notre Dame (St. Louis),3,Hazelwood West,4
2024-09-17,Blair Oaks,1,Helias Catholic,6
2024-09-17,Canton,1,Highland,3
2024-09-17,Weaubleau,18,Humansville,0
2024-09-17,Westran,0,Iberia,12
2024-09-17,University City,21,Jennings,2
2024-09-17,Ozark,13,Joplin,2
2024-09-17,Smithville,2,Kearney,5
2024-09-17,Lexington,7,Knob Noster,8
2024-09-17,Scotland County,10,Knox County,9
2024-09-17,Affton,2,Ladue Horton Watkins,12
2024-09-17,St. Pius X (Kansas City),0,Lafayette (St. Joseph),10
2024-09-17,Rockwood Summit,7,Lafayette (Wildwood),4
2024-09-17,Holden,13,Lafayette County,2
2024-09-17,Osage,19,Laquey,0
2024-09-17,Lee's Summit North,1,Lee's Summit,6
2024-09-17,Wright City,4,Louisiana,15
2024-09-17,Glasgow,9,Madison,3
2024-09-17,Brookfield,3,Marceline,7
2024-09-17,Silex,12,Mark Twain,2
2024-09-17,Bolivar,4,Marshfield,5
2024-09-17,Savannah,9,Maryville,3
2024-09-17,Nevada,11,McDonald County,2
2024-09-17,Tri-County,14,Mercer,15
2024-09-17,Fulton,9,Moberly,0
2024-09-17,Hannibal,0,Monroe City,10
2024-09-17,Bowling Green,11,Montgomery County,0
2024-09-17,Naylor,0,Neelyville,15
2024-09-17,Kickapoo,15,Neosho,2
2024-09-17,Stanberry,13,North Andrew,3
2024-09-17,Clopton,1,North Callaway,2
2024-09-17,Princeton,14,North Harrison,2
2024-09-17,Park Hill,19,North Kansas City,2
2024-09-17,Ft. Zumwalt North,4,North Point,5
2024-09-17,DeKalb,4,Northeast Nodaway,6
2024-09-17,Poplar Bluff,2,Notre Dame (Cape Girardeau),5
2024-09-17,Brashear,21,Novinger,14
2024-09-17,Northwest (Cedar Hill),8,Oakville,2
2024-09-17,Oak Grove,6,Odessa,5
2024-09-17,Holt,19,Orchard Farm,12
2024-09-17,Union,11,Owensville,2
2024-09-17,Clark County,3,Palmyra,6
2024-09-17,Waynesville,18,Parkview,1
2024-09-17,Parkway South,8,Parkway Central,0
2024-09-17,Fox,1,Parkway North,3
2024-09-17,Worth County,4,Pilot Grove,7
2024-09-17,Fort Osage,1,Platte County,14
2024-09-17,Gallatin,5,Plattsburg,7
2024-09-17,Polo,3,Putnam County,4
2024-09-17,Lee's Summit West,5,Raymore-Peculiar,3
2024-09-17,Pattonville,1,Ritenour,16
2024-09-17,Jefferson City,1,Rock Bridge,2
2024-09-17,Hillcrest,0,Rolla,11
2024-09-17,Raytown,17,Ruskin,0
2024-09-17,Camdenton,11,Russellville,1
2024-09-17,Paris,1,Schuyler County,2
2024-09-17,Parkway West,8,Seckman,15
2024-09-17,Central (Cape Girardeau),9,Sikeston,6
2024-09-17,Milan,6,St. Elizabeth,11
2024-09-17,Warrenton,17,St. Charles,6
2024-09-17,St. James,5,St. Clair,10
2024-09-17,Ursuline Academy,0,St. Pius X (Festus),10
2024-09-17,Notre Dame de Sion,9,St. Teresa's Academy,19
2024-09-17,Blue Springs South,7,Staley,1
2024-09-17,Hermann,3,Webb City,13
2024-09-17,Sherwood,1,Summit Christian Academy,12
2024-09-17,Maysville,0,Trenton,7
2024-09-17,Liberty (Wentzville),0,Troy Buchanan,3
2024-09-17,Belton,6,St. Charles,1
2024-09-17,Chaffee,5,St. Clair,0
2024-09-17,Maplewood-Richmond Hts.,6,Valley Park,21
2024-09-17,Halfway,5,Walnut Grove,4
2024-09-17,Clinton,9,Warrensburg,10
2024-09-17,Glendale,0,Webb City,9
2024-09-17,Logan-Rogersville,15,West Plains,1
2024-09-17,Macks Creek,1,Wheatland,6
2024-09-17,Lebanon,1,Willard,16
2024-09-17,Excelsior Springs,6,Winnetonka,5
2024-09-17,Albany,16,Worth County,7
2024-09-18,Rock Bridge,3,Camdenton,1
2024-09-18,Kelly,11,Central (Cape Girardeau),3
2024-09-18,Hannibal,1,Clark County,3
2024-09-18,Paris,6,Community,3
2024-09-18,Nerinx Hall,0,Cor Jesu Academy,15
2024-09-18,Crocker,8,Eldon,6
2024-09-18,Parkway South,7,Eureka,4
2024-09-18,Jackson,4,Farmington,1
2024-09-18,Ft. Zumwalt North,15,Ft. Zumwalt East,1
2024-09-18,Boonville,2,Harrisburg,5
2024-09-18,Poplar Bluff,1,Hillsboro,11
2024-09-18,Elsberry,15,Holt,5
2024-09-18,Valley Park,4,Jefferson (Festus),5
2024-09-18,St. Michael the Archangel,2,Lafayette County,8
2024-09-18,Plattsburg,9,Lexington,5
2024-09-18,Winnetonka,14,Lincoln College Prep,3
2024-09-18,South Shelby,13,Mark Twain,7
2024-09-18,Odessa,5,Marshall,4
2024-09-18,Hallsville,15,Moberly,1
2024-09-18,Windsor (Imperial),3,Northwest (Cedar Hill),5
2024-09-18,North County,5,Notre Dame (Cape Girardeau),7
2024-09-18,St. Dominic,14,Notre Dame (St. Louis),2
2024-09-18,Park Hill South,22,Oak Park,2
2024-09-18,Lutheran South,3,Parkway West,14
2024-09-18,Francis Howell North,1,Rockwood Summit,8
2024-09-18,Mehlville,1,Seckman,11
2024-09-18,Westminster Christian Academy,2,St. Joseph's Academy,3
2024-09-18,Sikeston,2,St. Clair,13
2024-09-18,Rolla,2,Union,12
2024-09-18,Hazelwood Central,5,University City,20
2024-09-18,Parkway North,5,Webster Groves,9
2024-09-18,Hermann,18,Wellsville-Middletown,2
2024-09-18,Liberty (Wentzville),2,Winfield,5
2024-09-19,Bevier,1,Atlanta,3
2024-09-19,Cassville,7,Aurora,2
2024-09-19,New Bloomfield,7,Battle,3
2024-09-19,Maryville,3,Benton,4
2024-09-19,Raymore-Peculiar,1,Blue Springs South,2
2024-09-19,Hillcrest,3,Bolivar,5
2024-09-19,Blair Oaks,6,Boonville,0
2024-09-19,Marshfield,8,Branson,2
2024-09-19,Southern Boone,13,California,5
2024-09-19,Rock Bridge,3,Camdenton,1
2024-09-19,Silex,9,Canton,3
2024-09-19,Warrenton,0,Centralia,15
2024-09-19,La Plata,1,Clark County,11
2024-09-19,Hazelwood Central,2,Clayton,17
2024-09-19,Dixon,28,Climax Springs,0
2024-09-19,Montgomery County,14,Clopton,6
2024-09-19,Van Buren,2,DeSoto,4
2024-09-19,West Platte,15,East Buchanan,0
2024-09-19,Doniphan,1,East Carter,2
2024-09-19,North Callaway,3,Elsberry,8
2024-09-19,Russellville,3,Eugene,2
2024-09-19,Kearney,9,Excelsior Springs,2
2024-09-19,Iberia,2,Fatima,4
2024-09-19,Ft. Zumwalt West,7,Francis Howell,3
2024-09-19,Troy Buchanan,9,Francis Howell Central,2
2024-09-19,Incarnate Word Academy,12,Ft. Zumwalt South,2
2024-09-19,Mexico,10,Fulton,11
2024-09-19,Brookfield,3,Gallatin,5
2024-09-19,Northeast (Cairo),9,Glasgow,2
2024-09-19,Republic,17,Glendale,0
2024-09-19,Platte County,0,Grain Valley,4
2024-09-19,Fair Play,3,Halfway,13
2024-09-19,Fayette,4,Harrisburg,14
2024-09-19,Norwood,1,Hartville,3
2024-09-19,Union,11,Hermann,5
2024-09-19,Capital City,6,Hickman,5
2024-09-19,Kirksville,0,Highland,10
2024-09-19,Richmond,0,Holden,22
2024-09-19,Northwest (Cedar Hill),3,Jackson,4
2024-09-19,Tuscumbia,0,Jamestown,10
2024-09-19,Perryville,19,Jefferson (Festus),7
2024-09-19,Webb City,0,Kickapoo,10
2024-09-19,Ritenour,11,Ladue Horton Watkins,1
2024-09-19,Bishop LeBlond,2,Lafayette (St. Joseph),17
2024-09-19,Knob Noster,6,Lafayette County,1
2024-09-19,North Platte,11,Lathrop,1
2024-09-19,Parkview,1,Lebanon,16
2024-09-19,Lee's Summit,2,Lee's Summit West,3
2024-09-19,Carrollton,17,Lexington,0
2024-09-19,Oak Park,1,Liberty,11
2024-09-19,Francis Howell North,1,Liberty (Wentzville),14
2024-09-19,Lee's Summit North,4,Liberty North,7
2024-09-19,Slater,0,Linn,9
2024-09-19,North Shelby,23,Linn County,1
2024-09-19,Carl Junction,12,Logan-Rogersville,2
2024-09-19,St. Joseph's Academy,6,Lutheran South,1
2024-09-19,Worth County,12,Madison,2
2024-09-19,Trenton,2,Marceline,4
2024-09-19,Lindbergh,6,Marquette,8
2024-09-19,Moberly,0,Marshall,7
2024-09-19,St. Elizabeth,15,Maysville,0
2024-09-19,Affton,3,Mehlville,15
2024-09-19,Plattsburg,1,Mid-Buchanan,11
2024-09-19,Putnam County,1,Milan,7
2024-09-19,McDonald County,1,Monett,11
2024-09-19,Joplin,7,Nixa,8
2024-09-19,McCluer,0,Normandy Collaborative,0
2024-09-19,Central (Cape Girardeau),1,North County,11
2024-09-19,North Andrew,8,North Harrison,2
2024-09-19,Timberland,5,North Point,1
2024-09-19,Lincoln College Prep,3,Notre Dame de Sion,14
2024-09-19,Clinton,3,Oak Grove,13
2024-09-19,Parkway Central,2,Oakville,8
2024-09-19,Harrisonville,1,Odessa,11
2024-09-19,Winfield,11,Orchard Farm,0
2024-09-19,Eldon,0,Osage,10
2024-09-19,Neosho,4,Ozark,6
2024-09-19,St. James,4,Pacific,19
2024-09-19,Bowling Green,10,Palmyra,0
2024-09-19,Central (St. Joseph),0,Park Hill,15
2024-09-19,North Kansas City,1,Park Hill South,16
2024-09-19,St. Charles,16,Pattonville,1
2024-09-19,Lawson,13,Penney,0
2024-09-19,Warrensburg,4,Pleasant Hill,9
2024-09-19,Sikeston,5,Poplar Bluff,12
2024-09-19,Albany,3,Princeton,6
2024-09-19,St. Charles,12,Raytown,0
2024-09-19,Winnetonka,9,Raytown South,6
2024-09-19,Knox County,16,Schuyler County,5
2024-09-19,Nevada,5,Seneca,3
2024-09-19,Monroe City,9,South Shelby,5
2024-09-19,Parkway North,9,St. Joseph's Academy,10
2024-09-19,Summit Christian Academy,8,St. Michael the Archangel,2
2024-09-19,Cameron,10,St. Pius X (Kansas City),0
2024-09-19,Crocker,0,Westran,16
2024-09-19,Owensville,4,Webb City,15
2024-09-19,Neelyville,11,St. Clair,0
2024-09-19,Windsor (Imperial),14,Valley Park,5
2024-09-19,Mark Twain,13,Van-Far,3
2024-09-19,Carthage,14,Waynesville,0
2024-09-19,Belton,15,William Chrisman,0
2024-09-19,Ft. Zumwalt East,11,Wright City,6
2024-09-20,Hazelwood West,17,Affton,0
2024-09-20,Monett,10,Aurora,4
2024-09-20,Bolivar,14,Aurora,7
2024-09-20,St. Elizabeth,6,Blair Oaks,5
2024-09-20,William Chrisman,1,Blue Springs South,14
2024-09-20,West Plains,1,Carthage,12
2024-09-20,Marion C. Early,4,Carthage,11
2024-09-20,Branson,1,Cassville,7
2024-09-20,Lee's Summit,5,Cassville,4
2024-09-20,Fort Osage,4,Central (St. Joseph),12
2024-09-20,Blue Springs South,8,Central (St. Joseph),0
2024-09-20,Fatima,2,Chaffee,1
2024-09-20,Lafayette (Wildwood),4,DeSoto,0
2024-09-20,Kelly,5,Doniphan,8
2024-09-20,Central (Cape Girardeau),8,Farmington,24
2024-09-20,Rolla,5,Farmington,8
2024-09-20,Jefferson (Festus),3,Fox,8
2024-09-20,North County,4,Fox,2
2024-09-20,Timberland,10,Francis Howell North,9
2024-09-20,Parkway North,2,Ft. Zumwalt North,3
2024-09-20,St. Dominic,20,Ft. Zumwalt South,3
2024-09-20,Bolivar,9,Glendale,5
2024-09-20,Aurora,3,Glendale,9
2024-09-20,Monett,6,Glendale,2
2024-09-20,Lee's Summit,6,Glendale,7
2024-09-20,Capital City,0,Hallsville,10
2024-09-20,Savannah,2,Harrisonville,0
2024-09-20,Waynesville,6,Harrisonville,11
2024-09-20,Macks Creek,12,Hermitage,0
2024-09-20,Hallsville,8,Hickman,5
2024-09-20,Notre Dame (Cape Girardeau),2,Hickman,0
2024-09-20,Kirkwood,0,Hillsboro,5
2024-09-20,Weaubleau,15,Humansville,2
2024-09-20,Richland,1,Iberia,13
2024-09-20,Parkway West,5,Jefferson City,4
2024-09-20,Chaffee,1,Jefferson City,6
2024-09-20,Logan-Rogersville,7,Joplin,2
2024-09-20,Seneca,0,Joplin,11
2024-09-20,Brashear,1,La Plata,11
2024-09-20,Park Hill South,4,Lafayette (St. Joseph),3
2024-09-20,Smithville,3,Lafayette (St. Joseph),6
2024-09-20,Rockwood Summit,0,Lafayette (Wildwood),7
2024-09-20,Branson,1,Lee's Summit,8
2024-09-20,Father Tolton,5,Lee's Summit North,1
2024-09-20,Webster Groves,4,Lindbergh,18
2024-09-20,Novinger,20,Linn County,1
2024-09-20,Seneca,7,Logan-Rogersville,2
2024-09-20,Jamestown,13,Madison,7
2024-09-20,Father Tolton,12,Marceline,0
2024-09-20,Smithville,3,Mid-Buchanan,5
2024-09-20,Bolivar,8,Monett,3
2024-09-20,St. Joseph's Academy,17,Nerinx Hall,0
2024-09-20,Jefferson (Festus),0,North County,16
2024-09-20,Marquette,9,Northwest (Cedar Hill),8
2024-09-20,Van Buren,1,Norwood,3
2024-09-20,Capital City,0,Notre Dame (Cape Girardeau),4
2024-09-20,Helias Catholic,7,Ozark,4
2024-09-20,Blair Oaks,1,Ozark,2
2024-09-20,Webb City,0,Park Hill,2
2024-09-20,Willard,0,Park Hill,6
2024-09-20,Mid-Buchanan,3,Park Hill South,0
2024-09-20,Cor Jesu Academy,1,Parkway South,11
2024-09-20,Fatima,6,Parkway West,12
2024-09-20,Liberty North,11,Republic,4
2024-09-20,Washington,3,Rockwood Summit,5
2024-09-20,Central (Cape Girardeau),1,Rolla,9
2024-09-20,Liberty North,10,Savannah,7
2024-09-20,Republic,1,Savannah,2
2024-09-20,Liberty (Wentzville),7,Silex,1
2024-09-20,Waynesville,0,Savannah,15
2024-09-20,Helias Catholic,7,St. Elizabeth,6
2024-09-20,Lee's Summit North,4,Southern Boone,5
2024-09-20,Marceline,0,Southern Boone,5
2024-09-20,New Bloomfield,4,Van-Far,1
2024-09-20,Community,9,Worth County,5
2024-09-20,Ursuline Academy,3,Valley Park,13
2024-09-20,New Covenant Academy,2,Walnut Grove,3
2024-09-20,St. Pius X (Festus),2,Webb City,12
2024-09-20,Marion C. Early,10,West Plains,3
2024-09-20,Laquey,0,Wheatland,15
2024-09-20,St. Pius X (Festus),4,Willard,19
2024-09-20,Fort Osage,13,William Chrisman,2
2024-09-21,Northeast Nodaway,3,Albany,1
2024-09-21,Maryville,3,Albany,4
2024-09-21,Stanberry,7,Albany,9
2024-09-21,Cassville,7,Aurora,0
2024-09-21,Seneca,10,Aurora,6
2024-09-21,North Shelby,11,Bevier,1
2024-09-21,Marion County,10,Bevier,6
2024-09-21,Chaffee,7,Blair Oaks,1
2024-09-21,Marceline,9,Blair Oaks,3
2024-09-21,Troy Buchanan,5,Bowling Green,0
2024-09-21,Ft. Zumwalt South,12,Bowling Green,4
2024-09-21,Marion C. Early,0,Cassville,1
2024-09-21,Jefferson (Festus),13,Central (Cape Girardeau),4
2024-09-21,Capital City,4,Chaffee,5
2024-09-21,Novinger,0,Clark County,10
2024-09-21,Green City,1,Clark County,11
2024-09-21,Hermitage,16,Climax Springs,2
2024-09-21,Humansville,4,Climax Springs,7
2024-09-21,La Plata,9,Community,6
2024-09-21,Kirkwood,11,DeSoto,0
2024-09-21,Washington,5,DeSoto,2
2024-09-21,Cuba,7,Eldon,20
2024-09-21,Sherwood,2,Excelsior Springs,12
2024-09-21,North County,1,Farmington,2
2024-09-21,Hallsville,3,Fatima,5
2024-09-21,Notre Dame (Cape Girardeau),1,Fatima,2
2024-09-21,Rolla,3,Fox,4
2024-09-21,Troy Buchanan,10,Ft. Zumwalt South,0
2024-09-21,Battle,8,Glasgow,0
2024-09-21,Jamestown,10,Glasgow,1
2024-09-21,Branson,8,Glendale,7
2024-09-21,Lee's Summit,6,Glendale,7
2024-09-21,Milan,10,Green City,3
2024-09-21,Helias Catholic,9,Hallsville,6
2024-09-21,Notre Dame (Cape Girardeau),9,Helias Catholic,12
2024-09-21,Laquey,4,Hermitage,14
2024-09-21,Lee's Summit North,4,Hickman,10
2024-09-21,St. Elizabeth,5,Hickman,9
2024-09-21,Lindbergh,6,Hillsboro,1
2024-09-21,Rockwood Summit,8,Hillsboro,9
2024-09-21,Laquey,3,Humansville,15
2024-09-21,Battle,1,Jamestown,0
2024-09-21,Lee's Summit North,2,Jefferson City,8
2024-09-21,St. Elizabeth,16,Jefferson City,2
2024-09-21,Lee's Summit,3,Joplin,2
2024-09-21,Slater,0,Kirksville,13
2024-09-21,Community,6,Kirksville,1
2024-09-21,North Callaway,8,Kirksville,6
2024-09-21,Webster Groves,7,Kirkwood,6
2024-09-21,Fort Osage,10,Lafayette (St. Joseph),1
2024-09-21,Smithville,3,Lafayette (St. Joseph),5
2024-09-21,Rockwood Summit,0,Lafayette (Wildwood),7
2024-09-21,Lindbergh,1,Lafayette (Wildwood),2
2024-09-21,Excelsior Springs,0,Lawson,8
2024-09-21,Sherwood,6,Lawson,7
2024-09-21,West Plains,2,Logan-Rogersville,6
2024-09-21,Marion C. Early,4,Logan-Rogersville,5
2024-09-21,Wheatland,10,Macks Creek,9
2024-09-21,Milan,2,Macon,11
2024-09-21,Novinger,2,Macon,17
2024-09-21,Putnam County,0,Macon,10
2024-09-21,Clark County,0,Macon,7
2024-09-21,Capital City,13,Marceline,2
2024-09-21,Mark Twain,15,Marion County,2
2024-09-21,Van-Far,22,Marion County,6
2024-09-21,North Shelby,7,Mark Twain,6
2024-09-21,Scotland County,5,Mark Twain,15
2024-09-21,Hannibal,2,Marshall,17
2024-09-21,Stanberry,9,Maryville,13
2024-09-21,Smithville,3,Mid-Buchanan,5
2024-09-21,Novinger,3,Milan,13
2024-09-21,Northeast (Cairo),10,Moberly,1
2024-09-21,Palmyra,4,Moberly,8
2024-09-21,La Plata,7,Moberly,0
2024-09-21,West Plains,1,Monett,6
2024-09-21,Northeast (Cairo),1,North Callaway,9
2024-09-21,La Plata,3,North Callaway,10
2024-09-21,Stanberry,11,Northeast Nodaway,9
2024-09-21,St. James,2,Osage,13
2024-09-21,Eldon,3,Osage,5
2024-09-21,Cuba,0,Osage,9
2024-09-21,Lutheran South,10,Owensville,3
2024-09-21,Pacific,5,Owensville,6
2024-09-21,Father Tolton,2,Ozark,17
2024-09-21,Lutheran South,16,Pacific,4
2024-09-21,Community,6,Palmyra,5
2024-09-21,Slater,7,Palmyra,8
2024-09-21,Scotland County,3,Paris,13
2024-09-21,North Shelby,1,Paris,2
2024-09-21,Webb City,0,Park Hill,2
2024-09-21,Father Tolton,0,Parkway West,13
2024-09-21,Wright City,7,Pattonville,6
2024-09-21,Lee's Summit West,15,Pleasant Hill,3
2024-09-21,Milan,5,Putnam County,7
2024-09-21,Clark County,0,Putnam County,17
2024-09-21,Green City,1,Putnam County,11
2024-09-21,St. Pius X (Festus),1,Republic,18
2024-09-21,Timberland,2,Rock Bridge,6
2024-09-21,Francis Howell Central,5,Rock Bridge,12
2024-09-21,Van-Far,4,Scotland County,7
2024-09-21,Wright City,4,Seckman,15
2024-09-21,Bolivar,9,Seneca,4
2024-09-21,Northeast (Cairo),10,Slater,5
2024-09-21,Ozark,5,Southern Boone,6
2024-09-21,Parkway West,4,Southern Boone,7
2024-09-21,Ft. Zumwalt East,6,St. Charles,3
2024-09-21,Eldon,22,St. James,0
2024-09-21,Cuba,9,St. James,21
2024-09-21,St. Pius X (Festus),2,Webb City,12
2024-09-21,Washington,12,Webster Groves,3
2024-09-21,Ft. Zumwalt East,0,Westminster Christian Academy,16
2024-09-21,Weaubleau,11,Wheatland,10
2024-09-21,Smithville,16,William Chrisman,1
2024-09-23,Ritenour,2,Affton,0
2024-09-23,Savannah,14,Battle,9
2024-09-23,Raytown,0,Belton,10
2024-09-23,Southern Boone,14,Boonville,0
2024-09-23,Monett,13,Carl Junction,6
2024-09-23,Walnut Grove,8,Fair Play,9
2024-09-23,St. Joseph's Academy,1,Fox,5
2024-09-23,Wheatland,3,Halfway,9
2024-09-23,Winnetonka,0,Kearney,13
2024-09-23,Pattonville,1,Kirkwood,11
2024-09-23,Blue Springs South,4,Lee's Summit,0
2024-09-23,Northwest (Cedar Hill),1,Lindbergh,3
2024-09-23,South Shelby,0,Macon,15
2024-09-23,Gallatin,0,Mid-Buchanan,6
2024-09-23,Webb City,1,Nevada,2
2024-09-23,Linn,5,New Bloomfield,1
2024-09-23,Liberty,18,North Kansas City,1
2024-09-23,Savannah,2,North Platte,3
2024-09-23,Central (St. Joseph),25,Oak Park,20
2024-09-23,Holden,8,Odessa,9
2024-09-23,North Harrison,2,Penney,13
2024-09-23,William Chrisman,0,Platte County,11
2024-09-23,Smithville,17,Raytown South,0
2024-09-23,Plattsburg,19,Richmond,0
2024-09-23,Grain Valley,22,Ruskin,0
2024-09-23,Putnam County,15,Schuyler County,2
2024-09-23,Liberty North,11,Staley,6
2024-09-23,Fort Osage,6,St. Charles,2
2024-09-24,North Harrison,0,Albany,10
2024-09-24,Fort Osage,2,Belton,5
2024-09-24,Battle,5,Boonville,3
2024-09-24,Farmington,7,Central (Cape Girardeau),0
2024-09-24,Fatima,0,Centralia,8
2024-09-24,Maryville,0,Chillicothe,5
2024-09-24,Weaubleau,16,Climax Springs,0
2024-09-24,Richland,10,Dixon,13
2024-09-24,Fredericktown,5,Doniphan,0
2024-09-24,Benton,18,East Buchanan,0
2024-09-24,Jamestown,11,Eldon,5
2024-09-24,Lindbergh,7,Eureka,5
2024-09-24,Raytown South,0,Excelsior Springs,14
2024-09-24,Francis Howell Central,4,Francis Howell North,5
2024-09-24,Warrensburg,15,Harrisonville,0
2024-09-24,Marshfield,7,Hartville,2
2024-09-24,Rock Bridge,11,Hickman,0
2024-09-24,Hannibal,0,Highland,15
2024-09-24,Van-Far,6,Iberia,2
2024-09-24,Neosho,8,Joplin,11
2024-09-24,St. Clair,5,Kelly,13
2024-09-24,Ozark,1,Kickapoo,4
2024-09-24,Kirkwood,19,Ladue Horton Watkins,0
2024-09-24,Crocker,17,Laquey,2
2024-09-24,Blue Springs,3,Lee's Summit,4
2024-09-24,Blue Springs South,13,Lee's Summit North,1
2024-09-24,Park Hill,7,Liberty,4
2024-09-24,Green City,24,Linn County,1
2024-09-24,Branson,12,Logan-Rogersville,6
2024-09-24,Walnut Grove,1,Marion C. Early,3
2024-09-24,Cassville,3,McDonald County,7
2024-09-24,Moberly,0,Mexico,5
2024-09-24,Clayton,0,Normandy Collaborative,0
2024-09-24,California,0,North Callaway,10
2024-09-24,New Covenant Academy,1,Norwood,0
2024-09-24,St. Teresa's Academy,14,Notre Dame de Sion,12
2024-09-24,Pleasant Hill,6,Oak Grove,4
2024-09-24,North Kansas City,0,Oak Park,12
2024-09-24,Clinton,0,Odessa,10
2024-09-24,Blair Oaks,7,Osage,0
2024-09-24,Carthage,20,Parkview,0
2024-09-24,Lafayette (St. Joseph),3,Penney,1
2024-09-24,North County,14,Perryville,1
2024-09-24,Jackson,13,Poplar Bluff,0
2024-09-24,Staley,0,Raymore-Peculiar,9
2024-09-24,William Chrisman,11,Raytown,10
2024-09-24,Webb City,3,Republic,5
2024-09-24,Platte County,15,Ruskin,0
2024-09-24,Schuyler County,0,Schuyler County,15
2024-09-24,Oakville,9,Seckman,5
2024-09-24,Monett,5,Seneca,1
2024-09-24,Neelyville,13,Sikeston,0
2024-09-24,Harrisburg,9,Slater,7
2024-09-24,Putnam County,0,St. Elizabeth,3
2024-09-24,Palmyra,3,South Shelby,9
2024-09-24,Helias Catholic,4,Southern Boone,6
2024-09-24,Pacific,9,St. Clair,4
2024-09-24,Ft. Zumwalt North,3,Timberland,8
2024-09-24,Francis Howell,0,Troy Buchanan,7
2024-09-24,Grain Valley,5,St. Charles,0
2024-09-24,Newburg,0,Tuscumbia,15
2024-09-24,Webb City,4,Union,8
2024-09-24,East Carter,10,Van Buren,11
2024-09-24,Nixa,8,Waynesville,0
2024-09-24,Fox,5,Webster Groves,6
2024-09-24,Bolivar,11,West Plains,2
2024-09-24,Hermitage,7,Wheatland,17
2024-09-24,Glendale,13,Willard,3
2024-09-24,Smithville,20,Winnetonka,2
2024-09-25,Helias Catholic,13,Battle,2
2024-09-25,La Plata,16,Bevier,0
2024-09-25,Benton,20,Bishop LeBlond,0
2024-09-25,Jefferson City,3,Blair Oaks,8
2024-09-25,Lee's Summit West,1,Blue Springs South,7
2024-09-25,Southern Boone,14,Boonville,0
2024-09-25,Carthage,6,Branson,4
2024-09-25,Kickapoo,8,Camdenton,0
2024-09-25,Highland,13,Canton,1
2024-09-25,Bowling Green,4,Capital City,0
2024-09-25,Hillcrest,0,Carl Junction,11
2024-09-25,Holden,3,Carrollton,5
2024-09-25,Naylor,0,Chaffee,15
2024-09-25,Westran,4,Community,7
2024-09-25,Webster Groves,7,Cor Jesu Academy,8
2024-09-25,Mexico,6,Elsberry,2
2024-09-25,Walnut Grove,8,Fair Play,9
2024-09-25,Fulton,0,Father Tolton,9
2024-09-25,Notre Dame (Cape Girardeau),3,Festus,1
2024-09-25,Hickman,2,Ft. Zumwalt West,5
2024-09-25,South Shelby,17,Harrisburg,4
2024-09-25,Kelly,15,Jefferson (Festus),4
2024-09-25,Hazelwood West,7,Kirkwood,8
2024-09-25,Cameron,2,Lafayette (St. Joseph),12
2024-09-25,Francis Howell Central,0,Lafayette (Wildwood),7
2024-09-25,Logan-Rogersville,14,Lebanon,0
2024-09-25,Parkway Central,3,Liberty (Wentzville),9
2024-09-25,Clopton,2,Louisiana,7
2024-09-25,Aurora,0,Marshfield,15
2024-09-25,East Buchanan,4,Maryville,10
2024-09-25,Ozark,0,McDonald County,4
2024-09-25,Linn County,0,Meadville,11
2024-09-25,Linn,5,New Bloomfield,1
2024-09-25,California,0,North Callaway,10
2024-09-25,Hillsboro,6,North County,3
2024-09-25,St. Joseph's Academy,8,Notre Dame (St. Louis),2
2024-09-25,William Chrisman,3,Notre Dame de Sion,8
2024-09-25,Iberia,16,Osage,0
2024-09-25,Scotland County,0,Paris,10
2024-09-25,Park Hill,6,Park Hill South,1
2024-09-25,Northwest (Cedar Hill),10,Parkway North,0
2024-09-25,Seckman,7,Parkway South,4
2024-09-25,North Harrison,2,Penney,13
2024-09-25,Blue Springs,0,Raymore-Peculiar,1
2024-09-25,Westran,16,Richland,1
2024-09-25,Oakville,8,Rockwood Summit,10
2024-09-25,West Plains,1,Rolla,16
2024-09-25,Joplin,14,Seneca,4
2024-09-25,Francis Howell North,1,St. Dominic,7
2024-09-25,St. Clair,1,St. Joseph's Academy,13
2024-09-25,Hermann,19,St. James,2
2024-09-25,Winnetonka,1,St. Michael the Archangel,0
2024-09-25,Lawson,18,St. Pius X (Kansas City),1
2024-09-25,Ft. Zumwalt North,3,Timberland,8
2024-09-25,St. Teresa's Academy,3,St. Charles,12
2024-09-25,Parkway West,8,Washington,7
2024-09-25,Eureka,1,Westminster Christian Academy,5
2024-09-26,Monett,15,Aurora,5
2024-09-26,Chillicothe,3,Benton,2
2024-09-26,Savannah,16,Bishop LeBlond,0
2024-09-26,Fatima,11,Blair Oaks,0
2024-09-26,Lee's Summit North,2,Blue Springs,5
2024-09-26,Lee's Summit West,1,Blue Springs South,7
2024-09-26,Carl Junction,12,Bolivar,13
2024-09-26,West Plains,6,Branson,14
2024-09-26,Hannibal,3,Canton,13
2024-09-26,Savannah,6,Capital City,4
2024-09-26,Lafayette County,0,Carrollton,15
2024-09-26,Nevada,1,Cassville,6
2024-09-26,Jefferson (Festus),3,Central (Cape Girardeau),13
2024-09-26,Highland,12,Clark County,0
2024-09-26,McCluer,1,Clayton,16
2024-09-26,Hermitage,24,Climax Springs,9
2024-09-26,Silex,6,Clopton,5
2024-09-26,Madison,6,Community,21
2024-09-26,Windsor (Imperial),0,DeSoto,7
2024-09-26,Neelyville,8,Doniphan,4
2024-09-26,Lawson,17,East Buchanan,2
2024-09-26,Poplar Bluff,10,East Carter,11
2024-09-26,Louisiana,1,Elsberry,6
2024-09-26,Raytown,4,Fort Osage,6
2024-09-26,Parkway South,8,Fox,1
2024-09-26,Francis Howell North,1,Francis Howell,2
2024-09-26,Liberty (Wentzville),3,Francis Howell Central,4
2024-09-26,North County,1,Fredericktown,8
2024-09-26,Timberland,8,Ft. Zumwalt East,6
2024-09-26,Ft. Zumwalt South,5,Ft. Zumwalt North,16
2024-09-26,Belton,0,Grain Valley,7
2024-09-26,La Plata,16,Green City,6
2024-09-26,New Bloomfield,10,Harrisburg,3
2024-09-26,Clinton,14,Harrisonville,11
2024-09-26,Marshfield,11,Hillcrest,0
2024-09-26,Dixon,0,Iberia,15
2024-09-26,St. Joseph's Academy,2,Incarnate Word Academy,6
2024-09-26,Notre Dame (Cape Girardeau),1,Jackson,3
2024-09-26,Camdenton,2,Jefferson City,3
2024-09-26,Ritenour,6,Kirkwood,7
2024-09-26,Holden,8,Knob Noster,2
2024-09-26,Westran,9,Knox County,6
2024-09-26,Raymore-Peculiar,4,Liberty North,3
2024-09-26,Palmyra,0,Macon,10
2024-09-26,Gallatin,7,Marceline,5
2024-09-26,Fulton,15,Marshall,2
2024-09-26,St. Pius X (Kansas City),4,Maryville,11
2024-09-26,Brookfield,15,Maysville,0
2024-09-26,Lathrop,1,Mid-Buchanan,11
2024-09-26,Trenton,3,Milan,1
2024-09-26,Kirksville,14,Moberly,6
2024-09-26,Republic,0,Neosho,3
2024-09-26,Laquey,1,New Covenant Academy,16
2024-09-26,Crocker,24,Newburg,10
2024-09-26,Kickapoo,7,Nixa,6
2024-09-26,Montgomery County,0,North Callaway,9
2024-09-26,Central (St. Joseph),13,North Kansas City,1
2024-09-26,West Platte,2,North Platte,5
2024-09-26,Washington,9,North Point,5
2024-09-26,Stanberry,2,Northeast Nodaway,10
2024-09-26,Webster Groves,1,Northwest (Cedar Hill),9
2024-09-26,Nerinx Hall,0,Notre Dame (St. Louis),9
2024-09-26,St. James,2,Owensville,17
2024-09-26,Lebanon,0,Ozark,10
2024-09-26,Hermann,5,Pacific,0
2024-09-26,Oak Park,0,Park Hill,2
2024-09-26,Liberty,9,Park Hill South,1
2024-09-26,Parkway North,4,Parkway Central,3
2024-09-26,Hazelwood West,18,Pattonville,8
2024-09-26,California,11,Pilot Grove,4
2024-09-26,Penney,2,Plattsburg,7
2024-09-26,Odessa,10,Pleasant Hill,3
2024-09-26,St. Elizabeth,12,Polo,2
2024-09-26,Kearney,21,Raytown South,0
2024-09-26,Lexington,20,Richmond,4
2024-09-26,Marquette,4,Rockwood Summit,9
2024-09-26,Fayette,4,Russellville,8
2024-09-26,Northeast (Cairo),8,Schuyler County,1
2024-09-26,Paris,17,Schuyler County,0
2024-09-26,North Shelby,13,Scotland County,0
2024-09-26,McDonald County,9,Seneca,0
2024-09-26,Chaffee,19,Sikeston,1
2024-09-26,Excelsior Springs,10,Smithville,18
2024-09-26,Eugene,5,Slater,6
2024-09-26,Hallsville,9,Southern Boone,4
2024-09-26,Orchard Farm,2,St. Charles,12
2024-09-26,St. Dominic,2,St. Joseph's Academy,4
2024-09-26,Lee's Summit,5,Staley,6
2024-09-26,Macks Creek,3,Westran,14
2024-09-26,New Franklin,13,Worth County,0
2024-09-26,St. Clair,0,Webb City,16
2024-09-26,Lincoln College Prep,1,Summit Christian Academy,16
2024-09-26,Van-Far,16,Tuscumbia,1
2024-09-26,Cor Jesu Academy,21,Ursuline Academy,0
2024-09-26,Bowling Green,12,Van-Far,1
2024-09-26,Oak Grove,12,Warrensburg,0
2024-09-26,Winfield,9,Warrenton,6
2024-09-26,Rolla,8,Waynesville,1
2024-09-26,Fair Play,0,Weaubleau,10
2024-09-26,Carthage,9,Webb City,8
2024-09-26,Mark Twain,18,Wellsville-Middletown,2
2024-09-26,Marion C. Early,9,Wheatland,6
2024-09-26,Parkview,0,Willard,15
2024-09-26,Ruskin,0,William Chrisman,18
2024-09-27,Centralia,3,Belton,2
2024-09-27,Pleasant Hill,1,Belton,11
2024-09-27,Fort Osage,2,Blue Springs,13
2024-09-27,Liberty,2,Blue Springs,8
2024-09-27,Nixa,8,Blue Springs,7
2024-09-27,Mexico,10,Boonville,1
2024-09-27,Pleasant Hill,1,Centralia,2
2024-09-27,Eldon,0,Fulton,11
2024-09-27,Rock Bridge,0,Grain Valley,5
2024-09-27,Neosho,2,Grain Valley,6
2024-09-27,Norwood,5,Halfway,7
2024-09-27,Van Buren,1,Halfway,7
2024-09-27,Hartville,7,Halfway,5
2024-09-27,Holden,10,Harrisonville,0
2024-09-27,Webb City,20,Harrisonville,6
2024-09-27,Norwood,1,Hartville,3
2024-09-27,Van Buren,1,Hartville,9
2024-09-27,Walnut Grove,17,Hermitage,4
2024-09-27,Webb City,3,Holden,2
2024-09-27,Kearney,10,Joplin,9
2024-09-27,Liberty North,10,Joplin,7
2024-09-27,Troy Buchanan,9,Joplin,7
2024-09-27,Neosho,1,Joplin,12
2024-09-27,Troy Buchanan,7,Kearney,8
2024-09-27,Liberty North,11,Kearney,3
2024-09-27,Warrensburg,9,Lafayette County,8
2024-09-27,St. Charles,12,Lafayette County,4
2024-09-27,Iberia,17,Laquey,0
2024-09-27,Nixa,3,Liberty,10
2024-09-27,Fort Osage,0,Liberty,18
2024-09-27,Atlanta,20,Linn County,3
2024-09-27,Glendale,12,Logan-Rogersville,3
2024-09-27,Marion C. Early,0,Marshfield,6
2024-09-27,Wright City,4,McDonald County,8
2024-09-27,Oak Grove,8,McDonald County,0
2024-09-27,Novinger,9,Meadville,10
2024-09-27,Rock Bridge,16,Neosho,3
2024-09-27,California,8,New Franklin,0
2024-09-27,Fort Osage,7,Nixa,9
2024-09-27,Pilot Grove,1,Northeast (Cairo),11
2024-09-27,Van Buren,1,Norwood,12
2024-09-27,Wright City,3,Oak Grove,14
2024-09-27,Van-Far,9,Osage,0
2024-09-27,Bowling Green,10,Silex,0
2024-09-27,Liberty North,14,Troy Buchanan,4
2024-09-27,Warrensburg,10,St. Charles,11
2024-09-27,Westran,6,Weaubleau,2
2024-09-28,North Andrew,3,Albany,4
2024-09-28,Northeast Nodaway,2,Albany,12
2024-09-28,Bevier,8,Atlanta,7
2024-09-28,Linn County,0,Atlanta,15
2024-09-28,Westran,17,Atlanta,1
2024-09-28,Oak Grove,1,Belton,8
2024-09-28,Holden,1,Belton,2
2024-09-28,Webb City,3,Belton,5
2024-09-28,Linn County,2,Bevier,25
2024-09-28,La Plata,13,Bevier,3
2024-09-28,Grain Valley,8,Blue Springs,1
2024-09-28,Liberty North,9,Blue Springs,4
2024-09-28,New Franklin,5,Boonville,4
2024-09-28,Osage,4,Boonville,5
2024-09-28,Macon,9,Bowling Green,6
2024-09-28,Highland,13,Bowling Green,2
2024-09-28,Gallatin,8,Brookfield,6
2024-09-28,Princeton,2,Brookfield,8
2024-09-28,Community,11,Canton,4
2024-09-28,Mark Twain,11,Canton,1
2024-09-28,Jefferson City,0,Capital City,10
2024-09-28,McDonald County,5,Centralia,13
2024-09-28,Webb City,8,Centralia,1
2024-09-28,Worth County,4,Chillicothe,9
2024-09-28,Clopton,7,Clark County,2
2024-09-28,Silex,5,Clopton,3
2024-09-28,Van-Far,0,Clopton,10
2024-09-28,Schuyler County,8,Community,5
2024-09-28,Tuscumbia,2,Crocker,12
2024-09-28,Cuba,10,Crocker,19
2024-09-28,Tuscumbia,5,Cuba,3
2024-09-28,Neelyville,6,Doniphan,2
2024-09-28,St. Clair,5,Doniphan,12
2024-09-28,Jefferson (Festus),7,East Carter,18
2024-09-28,New Franklin,11,Eldon,1
2024-09-28,Monroe City,4,Elsberry,3
2024-09-28,Silex,2,Elsberry,11
2024-09-28,Van-Far,1,Elsberry,12
2024-09-28,Notre Dame (St. Louis),0,Festus,14
2024-09-28,East Carter,2,Festus,8
2024-09-28,Neelyville,12,Fox,1
2024-09-28,St. Clair,4,Fox,6
2024-09-28,Jackson,3,Francis Howell Central,0
2024-09-28,California,4,Fulton,0
2024-09-28,Mexico,10,Fulton,9
2024-09-28,Princeton,1,Gallatin,9
2024-09-28,Meadville,0,Glasgow,10
2024-09-28,Clark County,9,Hannibal,6
2024-09-28,North Callaway,17,Harrisburg,0
2024-09-28,Moberly,9,Harrisburg,11
2024-09-28,Pleasant Hill,14,Harrisonville,3
2024-09-28,Lafayette County,2,Harrisonville,14
2024-09-28,Pilot Grove,3,Higbee,9
2024-09-28,Meadville,6,Higbee,9
2024-09-28,Macon,10,Highland,9
2024-09-28,St. Charles,2,Holden,12
2024-09-28,Troy Buchanan,9,Joplin,2
2024-09-28,Neosho,1,Joplin,12
2024-09-28,Nixa,3,Kearney,8
2024-09-28,Marshall,6,Kirksville,3
2024-09-28,Novinger,5,La Plata,17
2024-09-28,Wright City,10,Lafayette County,6
2024-09-28,Kearney,1,Liberty,2
2024-09-28,Rock Bridge,15,Liberty,3
2024-09-28,Novinger,19,Linn County,4
2024-09-28,Hannibal,1,Louisiana,16
2024-09-28,Monroe City,5,Louisiana,1
2024-09-28,Silex,6,Louisiana,4
2024-09-28,South Shelby,6,Mark Twain,3
2024-09-28,Warrensburg,2,McDonald County,8
2024-09-28,Van-Far,5,Mexico,2
2024-09-28,North Callaway,10,Moberly,0
2024-09-28,Clark County,9,Monroe City,10
2024-09-28,Palmyra,5,Montgomery County,16
2024-09-28,Fort Osage,1,Neosho,5
2024-09-28,Father Tolton,6,New Bloomfield,4
2024-09-28,Rock Bridge,11,Nixa,1
2024-09-28,Windsor (Imperial),6,North County,10
2024-09-28,Perryville,1,North County,5
2024-09-28,Worth County,14,North Harrison,1
2024-09-28,South Shelby,7,North Shelby,9
2024-09-28,Schuyler County,15,North Shelby,3
2024-09-28,Jefferson (Festus),8,Notre Dame (St. Louis),11
2024-09-28,St. Charles,1,Oak Grove,7
2024-09-28,West Platte,7,Oak Park,16
2024-09-28,Stanberry,5,Oak Park,21
2024-09-28,Savannah,10,Oak Park,4
2024-09-28,Eldon,5,Osage,11
2024-09-28,Slater,10,Palmyra,2
2024-09-28,Mark Twain,1,Paris,12
2024-09-28,Community,5,Paris,4
2024-09-28,North Shelby,1,Paris,2
2024-09-28,Ritenour,9,Parkway Central,3
2024-09-28,Cor Jesu Academy,16,Perryville,1
2024-09-28,Wright City,3,Pleasant Hill,14
2024-09-28,Cuba,2,Richland,15
2024-09-28,Tuscumbia,3,Richland,20
2024-09-28,Crocker,2,Richland,19
2024-09-28,Worth County,0,Schuyler County,10
2024-09-28,West Platte,7,Savannah,2
2024-09-28,Stanberry,6,Savannah,9
2024-09-28,Montgomery County,9,Slater,4
2024-09-28,Worth County,5,South Shelby,11
2024-09-28,Father Tolton,5,Southern Boone,3
2024-09-28,Eugene,4,Southern Boone,10
2024-09-28,California,0,Van-Far,5
2024-09-28,West Platte,14,Stanberry,3
2024-09-28,Brookfield,11,Trenton,0
2024-09-28,Princeton,0,Trenton,11
2024-09-28,Gallatin,1,Trenton,12
2024-09-28,Fort Osage,2,Troy Buchanan,6
2024-09-28,Webb City,12,Warrensburg,2
2024-09-28,Eugene,6,Waynesville,0
2024-09-28,New Bloomfield,11,Waynesville,5
2024-09-28,Parkway Central,2,Webster Groves,7
2024-09-28,Ritenour,4,Webster Groves,3
2024-09-28,Novinger,5,Westran,11
2024-09-28,La Plata,5,Westran,2
2024-09-28,Cor Jesu Academy,8,Windsor (Imperial),4
2024-09-30,Putnam County,4,Albany,9
2024-09-30,Green City,8,Atlanta,10
2024-09-30,Platte County,12,Belton,2
2024-09-30,Liberty North,2,Blue Springs South,5
2024-09-30,Camdenton,5,Capital City,0
2024-09-30,Carthage,7,Carl Junction,8
2024-09-30,Neosho,3,Cassville,0
2024-09-30,St. Clair,18,Central (Cape Girardeau),1
2024-09-30,Canton,1,Clark County,7
2024-09-30,Hermann,16,Cuba,0
2024-09-30,Northeast Nodaway,11,East Buchanan,0
2024-09-30,Owensville,11,Eldon,1
2024-09-30,Francis Howell,8,Eureka,7
2024-09-30,Winnetonka,0,Excelsior Springs,13
2024-09-30,Northeast (Cairo),7,Fayette,8
2024-09-30,William Chrisman,0,Fort Osage,11
2024-09-30,Parkway West,12,Fox,2
2024-09-30,Francis Howell Central,6,Ft. Zumwalt South,4
2024-09-30,Winfield,3,Ft. Zumwalt West,11
2024-09-30,North Callaway,7,Fulton,8
2024-09-30,Lawson,3,Gallatin,7
2024-09-30,Higbee,11,Glasgow,7
2024-09-30,Hartville,2,Halfway,8
2024-09-30,Moberly,20,Hannibal,11
2024-09-30,Ladue Horton Watkins,0,Hazelwood West,8
2024-09-30,Savannah,11,Hickman,0
2024-09-30,Ursuline Academy,10,Holt,7
2024-09-30,Newburg,0,Iberia,15
2024-09-30,Hillsboro,10,Jefferson (Festus),0
2024-09-30,Union,1,Jefferson City,8
2024-09-30,Clinton,0,Knob Noster,5
2024-09-30,Schuyler County,24,Knox County,7
2024-09-30,Parkway Central,3,Lafayette (Wildwood),11
2024-09-30,Raymore-Peculiar,4,Lee's Summit,1
2024-09-30,Staley,18,Lee's Summit North,8
2024-09-30,Blue Springs,2,Lee's Summit West,7
2024-09-30,Central (St. Joseph),0,Liberty,14
2024-09-30,Raytown South,13,Lincoln College Prep,14
2024-09-30,Harrisburg,0,Linn,15
2024-09-30,Westminster Christian Academy,5,Lutheran South,0
2024-09-30,Climax Springs,0,Macks Creek,15
2024-09-30,Westran,0,Macon,10
2024-09-30,Paris,19,Madison,1
2024-09-30,Webster Groves,1,Maplewood-Richmond Hts.,10
2024-09-30,Bolivar,14,Marion C. Early,15
2024-09-30,La Plata,9,Marion County,0
2024-09-30,Community,7,Mark Twain,17
2024-09-30,Boonville,2,Marshall,3
2024-09-30,Worth County,9,Maryville,5
2024-09-30,Ritenour,11,Mehlville,3
2024-09-30,Kirksville,8,Mexico,6
2024-09-30,Princeton,6,Milan,7
2024-09-30,Branson,2,Monett,4
2024-09-30,Warrenton,5,Montgomery County,15
2024-09-30,Chaffee,2,Neelyville,3
2024-09-30,Sherwood,3,Nevada,10
2024-09-30,Eugene,1,New Bloomfield,6
2024-09-30,DeSoto,0,North County,11
2024-09-30,St. Elizabeth,0,North Platte,10
2024-09-30,Schuyler County,1,North Shelby,11
2024-09-30,Westran,0,Norwood,15
2024-09-30,St. Pius X (Festus),7,Notre Dame (St. Louis),14
2024-09-30,St. Michael the Archangel,2,Oak Grove,10
2024-09-30,St. Pius X (Kansas City),0,Odessa,15
2024-09-30,Hallsville,12,Osage,0
2024-09-30,St. Joseph's Academy,21,Pacific,4
2024-09-30,Highland,10,Palmyra,1
2024-09-30,Lafayette (St. Joseph),0,Park Hill,14
2024-09-30,Oak Park,6,Park Hill South,7
2024-09-30,New Covenant Academy,16,Parkview,1
2024-09-30,Seckman,12,Parkway North,4
2024-09-30,Ft. Zumwalt East,0,Parkway South,4
2024-09-30,Affton,4,Pattonville,19
2024-09-30,Festus,20,Perryville,0
2024-09-30,DeKalb,5,Plattsburg,11
2024-09-30,Kelly,0,Poplar Bluff,3
2024-09-30,Grain Valley,18,Raytown,0
2024-09-30,Crocker,6,Richland,16
2024-09-30,Webb City,4,Rolla,5
2024-09-30,Chillicothe,5,Savannah,1
2024-09-30,Elsberry,10,Silex,7
2024-09-30,Kearney,8,Smithville,2
2024-09-30,Russellville,6,Slater,9
2024-09-30,Centralia,17,South Shelby,0
2024-09-30,Timberland,4,St. Dominic,10
2024-09-30,Laquey,1,St. James,26
2024-09-30,Normandy Collaborative,0,STEAM Academy,0
2024-09-30,Richmond,2,Summit Christian Academy,17
2024-09-30,Lathrop,4,Trenton,9
2024-09-30,Ruskin,0,St. Charles,20
2024-09-30,Clayton,26,University City,13
2024-09-30,Nerinx Hall,6,Valley Park,12
2024-09-30,Naylor,0,Van Buren,15
2024-09-30,Wellsville-Middletown,1,Van-Far,11
2024-09-30,Ozark,16,West Plains,0
2024-09-30,Bishop LeBlond,0,West Platte,17
2024-09-30,Farmington,2,Windsor (Imperial),13
2024-10-01,Kirkwood,16,Affton,0
2024-10-01,Meadville,5,Bevier,9
2024-10-01,Blue Springs South,11,Blue Springs,0
2024-10-01,Wright City,0,Bowling Green,2
2024-10-01,Bolivar,6,Branson,16
2024-10-01,Blair Oaks,8,California,0
2024-10-01,Benton,9,Cameron,4
2024-10-01,Marion County,1,Canton,7
2024-10-01,Knob Noster,3,Carrollton,10
2024-10-01,Neosho,1,Carthage,0
2024-10-01,Seneca,3,Cassville,7
2024-10-01,Park Hill,12,Central (St. Joseph),3
2024-10-01,Doniphan,5,Chaffee,0
2024-10-01,Oak Grove,16,Clinton,0
2024-10-01,Osage,18,Crocker,3
2024-10-01,Albany,9,DeKalb,0
2024-10-01,Climax Springs,9,Fair Play,19
2024-10-01,Kelly,1,Farmington,12
2024-10-01,Boonville,2,Father Tolton,12
2024-10-01,Seckman,3,Festus,1
2024-10-01,Mehlville,2,Fox,17
2024-10-01,Ft. Zumwalt West,12,Francis Howell Central,6
2024-10-01,Troy Buchanan,7,Francis Howell North,0
2024-10-01,Timberland,19,Ft. Zumwalt South,0
2024-10-01,Ozark,10,Glendale,2
2024-10-01,Fort Osage,0,Grain Valley,10
2024-10-01,Eugene,4,Hallsville,1
2024-10-01,Odessa,13,Harrisonville,0
2024-10-01,Ritenour,10,Hazelwood West,0
2024-10-01,Rock Bridge,13,Helias Catholic,3
2024-10-01,Slater,11,Hermann,0
2024-10-01,Halfway,16,Hermitage,7
2024-10-01,Atlanta,10,Higbee,11
2024-10-01,Macon,7,Highland,2
2024-10-01,Cor Jesu Academy,8,Hillsboro,14
2024-10-01,Sherwood,0,Holden,15
2024-10-01,Ursuline Academy,0,Incarnate Word Academy,15
2024-10-01,Battle,1,Jefferson City,11
2024-10-01,Excelsior Springs,0,Kearney,5
2024-10-01,Waynesville,0,Kickapoo,15
2024-10-01,Fulton,10,Kirksville,0
2024-10-01,Pattonville,6,Ladue Horton Watkins,10
2024-10-01,Richmond,0,Lafayette County,16
2024-10-01,Lawson,19,Lathrop,0
2024-10-01,Nixa,15,Lebanon,0
2024-10-01,Francis Howell,8,Liberty (Wentzville),5
2024-10-01,Lee's Summit,3,Liberty North,5
2024-10-01,Notre Dame de Sion,19,Lincoln College Prep,3
2024-10-01,Hillcrest,2,Logan-Rogersville,14
2024-10-01,North Callaway,2,Louisiana,7
2024-10-01,St. Pius X (Festus),4,Lutheran South,14
2024-10-01,Richland,7,Macks Creek,6
2024-10-01,Pilot Grove,12,Madison,3
2024-10-01,Norwood,6,Marion C. Early,7
2024-10-01,Clopton,10,Mark Twain,0
2024-10-01,Bishop LeBlond,0,Maryville,14
2024-10-01,Marceline,16,Maysville,1
2024-10-01,STEAM Academy,18,McCluer,8
2024-10-01,Aurora,5,McDonald County,15
2024-10-01,Marshall,7,Mexico,11
2024-10-01,Gallatin,8,Milan,3
2024-10-01,Nevada,8,Monett,0
2024-10-01,Community,1,Monroe City,2
2024-10-01,Wellsville-Middletown,1,Montgomery County,16
2024-10-01,Hartville,12,New Covenant Academy,10
2024-10-01,Jennings,14,Normandy Collaborative,16
2024-10-01,Savannah,17,North Andrew,5
2024-10-01,Neelyville,5,North County,1
2024-10-01,Park Hill South,16,North Kansas City,2
2024-10-01,Mid-Buchanan,4,North Platte,1
2024-10-01,Ft. Zumwalt East,14,North Point,7
2024-10-01,Moberly,7,Northeast (Cairo),9
2024-10-01,Lafayette (Wildwood),5,Northwest (Cedar Hill),0
2024-10-01,Central (Cape Girardeau),0,Notre Dame (Cape Girardeau),14
2024-10-01,Parkway North,15,Notre Dame (St. Louis),3
2024-10-01,La Plata,20,Novinger,9
2024-10-01,Liberty,15,Oak Park,2
2024-10-01,Warrenton,2,Orchard Farm,12
2024-10-01,Fayette,4,Paris,1
2024-10-01,Oakville,9,Parkway South,0
2024-10-01,West Platte,2,Penney,3
2024-10-01,East Buchanan,0,Plattsburg,15
2024-10-01,Brookfield,12,Polo,5
2024-10-01,Green City,0,Princeton,10
2024-10-01,Trenton,2,Putnam County,1
2024-10-01,Lee's Summit North,0,Raymore-Peculiar,11
2024-10-01,Platte County,18,Raytown,1
2024-10-01,Joplin,2,Republic,3
2024-10-01,Eureka,1,Rockwood Summit,7
2024-10-01,Belton,15,Ruskin,1
2024-10-01,Scotland County,8,Schuyler County,1
2024-10-01,Fredericktown,15,Sikeston,2
2024-10-01,Knox County,1,South Shelby,11
2024-10-01,Capital City,7,Southern Boone,3
2024-10-01,Owensville,11,St. Clair,0
2024-10-01,Jackson,8,St. Dominic,3
2024-10-01,Webb City,16,St. James,1
2024-10-01,Chillicothe,17,St. Pius X (Kansas City),1
2024-10-01,Lee's Summit West,6,Staley,3
2024-10-01,St. Michael the Archangel,2,Summit Christian Academy,5
2024-10-01,Naylor,2,St. Clair,17
2024-10-01,Pacific,2,Union,12
2024-10-01,Silex,12,Van-Far,6
2024-10-01,Wheatland,2,Walnut Grove,13
2024-10-01,Pleasant Hill,15,Warrensburg,3
2024-10-01,Ft. Zumwalt North,11,Washington,13
2024-10-01,Lindbergh,1,Webster Groves,0
2024-10-01,Marshfield,11,West Plains,0
2024-10-01,Schuyler County,8,Westran,0
2024-10-01,Webb City,4,Willard,5
2024-10-01,St. Charles,6,William Chrisman,1
2024-10-01,Holt,0,Winfield,11
2024-10-01,Raytown South,2,Winnetonka,13
2024-10-02,Atlanta,3,Brashear,6
2024-10-02,Knox County,11,Clark County,13
2024-10-02,Hermitage,4,Crocker,14
2024-10-02,St. Clair,0,DeSoto,10
2024-10-02,Westran,1,Dixon,11
2024-10-02,Parkway West,2,Eureka,3
2024-10-02,Northwest (Cedar Hill),5,Francis Howell,6
2024-10-02,Louisiana,16,Hannibal,5
2024-10-02,New Franklin,8,Harrisburg,1
2024-10-02,Oak Grove,13,Harrisonville,0
2024-10-02,Lebanon,14,Hartville,2
2024-10-02,Hickman,2,Helias Catholic,12
2024-10-02,Lexington,0,Holden,15
2024-10-02,Warrenton,16,Holt,5
2024-10-02,Sikeston,2,Jackson,15
2024-10-02,Naylor,1,Kelly,11
2024-10-02,Westminster Christian Academy,1,Lafayette (Wildwood),2
2024-10-02,Liberty North,6,Lee's Summit West,10
2024-10-02,North Kansas City,0,Liberty,15
2024-10-02,Wright City,4,Mark Twain,9
2024-10-02,Benton,10,Maryville,5
2024-10-02,Oakville,13,Mehlville,0
2024-10-02,Van-Far,2,Montgomery County,11
2024-10-02,Hazelwood West,10,Nerinx Hall,7
2024-10-02,Aurora,1,Nevada,11
2024-10-02,Fatima,6,North Callaway,1
2024-10-02,Valley Park,18,Orchard Farm,8
2024-10-02,Logan-Rogersville,0,Ozark,16
2024-10-02,Park Hill South,1,Park Hill,10
2024-10-02,Ritenour,8,Parkway South,13
2024-10-02,Cor Jesu Academy,5,Rockwood Summit,11
2024-10-02,St. Charles,15,Ruskin,0
2024-10-02,Cuba,2,Russellville,17
2024-10-02,Lindbergh,6,Seckman,4
2024-10-02,California,6,Savannah,7
2024-10-02,Father Tolton,2,Southern Boone,3
2024-10-02,Maplewood-Richmond Hts.,0,St. Joseph's Academy,7
2024-10-02,Fredericktown,13,St. Pius X (Festus),3
2024-10-02,Notre Dame (St. Louis),10,Ursuline Academy,1
2024-10-02,Belton,11,Warrensburg,1
2024-10-02,St. Joseph's Academy,0,Washington,9
2024-10-02,Lutheran South,6,Webster Groves,4
2024-10-02,Francis Howell North,3,Winfield,13
2024-10-02,Lincoln College Prep,6,Winnetonka,21
2024-10-03,St. Charles,3,Belton,13
2024-10-03,Notre Dame de Sion,19,Bishop LeBlond,10
2024-10-03,Staley,2,Blue Springs South,10
2024-10-03,Logan-Rogersville,4,Bolivar,14
2024-10-03,California,6,Boonville,7
2024-10-03,Marion C. Early,2,Branson,9
2024-10-03,Monroe City,1,Canton,2
2024-10-03,Poplar Bluff,5,Central (Cape Girardeau),8
2024-10-03,Oak Park,5,Central (St. Joseph),3
2024-10-03,Jackson,8,Chaffee,3
2024-10-03,Centralia,13,Clark County,0
2024-10-03,Wright City,1,Clopton,0
2024-10-03,Van-Far,0,Community,10
2024-10-03,Northeast Nodaway,4,DeKalb,3
2024-10-03,Perryville,2,DeSoto,12
2024-10-03,Cuba,1,Dixon,13
2024-10-03,Hallsville,13,Eldon,0
2024-10-03,Mark Twain,3,Elsberry,10
2024-10-03,Linn,6,Eugene,3
2024-10-03,Slater,3,Fayette,6
2024-10-03,Jefferson (Festus),0,Festus,5
2024-10-03,Platte County,5,Fort Osage,6
2024-10-03,Francis Howell Central,0,Francis Howell,1
2024-10-03,Ft. Zumwalt South,6,Ft. Zumwalt East,9
2024-10-03,North Point,4,Ft. Zumwalt North,5
2024-10-03,Francis Howell North,0,Ft. Zumwalt West,1
2024-10-03,Hannibal,1,Fulton,14
2024-10-03,Maysville,1,Gallatin,11
2024-10-03,Worth County,4,Glasgow,14
2024-10-03,Sherwood,10,Harrisonville,11
2024-10-03,Westran,3,Hartville,12
2024-10-03,Normandy Collaborative,10,Hazelwood Central,25
2024-10-03,Ursuline Academy,1,Hazelwood West,4
2024-10-03,St. Pius X (Festus),1,Hermann,16
2024-10-03,West Plains,4,Hillcrest,9
2024-10-03,Lafayette County,0,Holden,3
2024-10-03,Orchard Farm,18,Holt,10
2024-10-03,Tuscumbia,0,Iberia,16
2024-10-03,McCluer,22,Jennings,5
2024-10-03,Carthage,2,Joplin,11
2024-10-03,Winnetonka,1,Kearney,16
2024-10-03,Sikeston,0,Kelly,8
2024-10-03,Mehlville,0,Kirkwood,6
2024-10-03,Norwood,15,Laquey,0
2024-10-03,East Buchanan,0,Lathrop,15
2024-10-03,West Platte,5,Lawson,2
2024-10-03,Lee's Summit,6,Lee's Summit North,8
2024-10-03,Raymore-Peculiar,2,Lee's Summit West,1
2024-10-03,Knob Noster,19,Lexington,0
2024-10-03,Troy Buchanan,9,Liberty (Wentzville),6
2024-10-03,Blue Springs,3,Liberty North,5
2024-10-03,Montgomery County,3,Louisiana,1
2024-10-03,Chillicothe,3,Macon,4
2024-10-03,Savannah,2,Marshall,3
2024-10-03,Carl Junction,0,Marshfield,4
2024-10-03,Mexico,10,Moberly,0
2024-10-03,Cassville,3,Monett,4
2024-10-03,East Carter,4,Neelyville,6
2024-10-03,Willard,6,Neosho,9
2024-10-03,McDonald County,8,Nevada,3
2024-10-03,Humansville,0,New Covenant Academy,15
2024-10-03,Pilot Grove,1,New Franklin,2
2024-10-03,Osage,18,Newburg,0
2024-10-03,Glendale,2,Nixa,12
2024-10-03,Benton,11,North Andrew,6
2024-10-03,Silex,0,North Callaway,8
2024-10-03,Madison,0,Northeast (Cairo),11
2024-10-03,Fox,1,Northwest (Cedar Hill),2
2024-10-03,Westminster Christian Academy,11,Notre Dame (St. Louis),0
2024-10-03,Lafayette (Wildwood),0,Oakville,6
2024-10-03,Rolla,6,Owensville,0
2024-10-03,Ritenour,23,Pattonville,12
2024-10-03,Mid-Buchanan,18,Penney,1
2024-10-03,North Platte,12,Plattsburg,2
2024-10-03,Clinton,1,Pleasant Hill,16
2024-10-03,Novinger,1,Princeton,8
2024-10-03,Ruskin,0,Raytown,15
2024-10-03,Kickapoo,1,Republic,0
2024-10-03,Carrollton,23,Richmond,0
2024-10-03,New Bloomfield,13,Russellville,8
2024-10-03,Lafayette (St. Joseph),2,Savannah,14
2024-10-03,Brookfield,12,Schuyler County,2
2024-10-03,Schuyler County,5,Scotland County,0
2024-10-03,Hillsboro,13,Seckman,7
2024-10-03,Aurora,12,Seneca,13
2024-10-03,Raytown South,2,Smithville,12
2024-10-03,Albany,2,St. Elizabeth,14
2024-10-03,North Shelby,11,South Shelby,0
2024-10-03,Incarnate Word Academy,3,St. Dominic,13
2024-10-03,Jamestown,3,Van-Far,9
2024-10-03,Union,6,St. Joseph's Academy,1
2024-10-03,Cor Jesu Academy,9,St. Joseph's Academy,0
2024-10-03,St. Pius X (Kansas City),0,St. Michael the Archangel,5
2024-10-03,University City,22,STEAM Academy,6
2024-10-03,St. Teresa's Academy,1,Summit Christian Academy,11
2024-10-03,Washington,3,Timberland,1
2024-10-03,Polo,3,Trenton,7
2024-10-03,Mercer,19,Tri-County,17
2024-10-03,Doniphan,12,Van Buren,2
2024-10-03,Odessa,12,Warrensburg,7
2024-10-03,St. Charles,3,Warrenton,2
2024-10-03,Lebanon,2,Waynesville,3
2024-10-03,Wheatland,16,Weaubleau,5
2024-10-03,Parkview,0,Webb City,17
2024-10-03,Bowling Green,22,Wellsville-Middletown,0
2024-10-03,Paris,6,Westran,7
2024-10-03,Grain Valley,17,William Chrisman,0
2024-10-03,Pacific,6,Windsor (Imperial),17
2024-10-04,Hancock,7,Affton,22
2024-10-04,Novinger,13,Atlanta,10
2024-10-04,Willard,2,Bolivar,4
2024-10-04,St. Teresa's Academy,1,Bolivar,14
2024-10-04,Bevier,1,Brashear,16
2024-10-04,Liberty,3,Camdenton,4
2024-10-04,Webb City,5,Camdenton,1
2024-10-04,Francis Howell,17,Carl Junction,4
2024-10-04,Lee's Summit North,10,Cassville,9
2024-10-04,Nixa,2,Cassville,3
2024-10-04,New Franklin,9,Community,2
2024-10-04,Halfway,9,Fair Play,2
2024-10-04,Macks Creek,7,Fair Play,1
2024-10-04,Warrenton,5,Ft. Zumwalt East,10
2024-10-04,Park Hill,10,Ft. Zumwalt South,3
2024-10-04,Blair Oaks,10,Ft. Zumwalt South,0
2024-10-04,Marquette,4,Fulton,2
2024-10-04,Hickman,3,Fulton,4
2024-10-04,Francis Howell,5,Glendale,4
2024-10-04,Carl Junction,4,Glendale,12
2024-10-04,Macks Creek,0,Halfway,9
2024-10-04,Weaubleau,7,Hermitage,5
2024-10-04,Marquette,6,Hickman,9
2024-10-04,Republic,7,Hillcrest,0
2024-10-04,Battle,5,Hillcrest,1
2024-10-04,St. Teresa's Academy,11,Hillcrest,5
2024-10-04,Wheatland,20,Humansville,4
2024-10-04,Crocker,0,Iberia,17
2024-10-04,Higbee,2,Jamestown,10
2024-10-04,Oak Grove,1,Jefferson City,4
2024-10-04,Lee's Summit West,3,Jefferson City,5
2024-10-04,Park Hill South,1,Kickapoo,5
2024-10-04,Marshfield,0,Kickapoo,10
2024-10-04,Linn County,1,La Plata,16
2024-10-04,St. James,0,Lebanon,17
2024-10-04,Nixa,10,Lee's Summit North,8
2024-10-04,Oak Grove,2,Lee's Summit West,8
2024-10-04,Webb City,2,Liberty,1
2024-10-04,Cor Jesu Academy,13,Lindbergh,14
2024-10-04,Westminster Christian Academy,3,Linn,0
2024-10-04,St. Joseph's Academy,4,Linn,5
2024-10-04,University City,1,Maplewood-Richmond Hts.,16
2024-10-04,Clinton,1,Marion C. Early,5
2024-10-04,Park Hill South,0,Marshfield,5
2024-10-04,STEAM Academy,17,McCluer,24
2024-10-04,Van Buren,4,Neelyville,13
2024-10-04,Capital City,11,New Bloomfield,4
2024-10-04,Incarnate Word Academy,2,Oakville,1
2024-10-04,Notre Dame (Cape Girardeau),5,Oakville,0
2024-10-04,St. Michael the Archangel,7,Odessa,8
2024-10-04,Blair Oaks,1,Park Hill,3
2024-10-04,St. Teresa's Academy,4,Park Hill South,11
2024-10-04,Battle,0,Republic,7
2024-10-04,Notre Dame (Cape Girardeau),5,Rockwood Summit,8
2024-10-04,Incarnate Word Academy,7,Rockwood Summit,12
2024-10-04,West Plains,9,Rolla,10
2024-10-04,Sherwood,4,Rolla,8
2024-10-04,Webb City,9,Seneca,0
2024-10-04,Branson,16,Seneca,2
2024-10-04,Westminster Christian Academy,10,St. Joseph's Academy,3
2024-10-04,Northeast (Cairo),13,Worth County,0
2024-10-04,Branson,3,Webb City,2
2024-10-04,Bowling Green,3,Troy Buchanan,9
2024-10-04,Westran,12,Tuscumbia,6
2024-10-04,Climax Springs,1,Walnut Grove,12
2024-10-04,Sherwood,6,West Plains,1
2024-10-04,St. Teresa's Academy,20,West Platte,2
2024-10-04,St. Teresa's Academy,4,Willard,13
2024-10-04,Webster Groves,10,Windsor (Imperial),3
2024-10-04,Francis Howell Central,6,Winfield,1
2024-10-05,Montgomery County,17,Atlanta,2
2024-10-05,La Plata,12,Atlanta,2
2024-10-05,Worth County,10,Atlanta,0
2024-10-05,St. Elizabeth,3,Benton,6
2024-10-05,North Andrew,3,Benton,5
2024-10-05,Mid-Buchanan,10,Benton,1
2024-10-05,Branson,7,Bolivar,21
2024-10-05,Knox County,0,Brookfield,12
2024-10-05,Highland,9,Brookfield,2
2024-10-05,Canton,2,Brookfield,5
2024-10-05,Webb City,2,Camdenton,3
2024-10-05,Battle,5,Camdenton,8
2024-10-05,Liberty,6,Camdenton,0
2024-10-05,Scotland County,0,Canton,5
2024-10-05,Mid-Buchanan,5,Carrollton,2
2024-10-05,Savannah,1,Carrollton,3
2024-10-05,Lafayette (St. Joseph),0,Carrollton,12
2024-10-05,Liberty,4,Cassville,3
2024-10-05,Willard,3,Cassville,12
2024-10-05,Webb City,3,Cassville,4
2024-10-05,Rock Bridge,17,Central (St. Joseph),4
2024-10-05,Savannah,0,Centralia,19
2024-10-05,Hallsville,2,Centralia,4
2024-10-05,Hannibal,5,Centralia,12
2024-10-05,Helias Catholic,4,Chillicothe,1
2024-10-05,Fatima,8,Chillicothe,1
2024-10-05,Iberia,4,Chillicothe,8
2024-10-05,Mid-Buchanan,12,DeKalb,0
2024-10-05,Marceline,17,DeKalb,0
2024-10-05,North Andrew,4,DeKalb,6
2024-10-05,Poplar Bluff,7,DeSoto,5
2024-10-05,Northeast (Cairo),2,Eugene,8
2024-10-05,Silex,7,Eugene,5
2024-10-05,New Bloomfield,8,Eugene,19
2024-10-05,Hermitage,1,Fair Play,11
2024-10-05,Iberia,4,Fatima,7
2024-10-05,Nixa,5,Francis Howell,3
2024-10-05,Rolla,0,Francis Howell,10
2024-10-05,Bolivar,17,Francis Howell,13
2024-10-05,Francis Howell Central,4,Francis Howell North,5
2024-10-05,Oak Grove,14,Ft. Zumwalt South,9
2024-10-05,Lee's Summit West,13,Fulton,1
2024-10-05,North Platte,15,Gallatin,2
2024-10-05,North Andrew,5,Gallatin,2
2024-10-05,Lee's Summit North,9,Glendale,1
2024-10-05,West Plains,2,Glendale,15
2024-10-05,Seneca,6,Glendale,4
2024-10-05,La Plata,15,Green City,9
2024-10-05,Worth County,11,Green City,15
2024-10-05,Wheatland,3,Halfway,13
2024-10-05,Wright City,0,Hallsville,13
2024-10-05,St. Clair,1,Hermann,11
2024-10-05,Mark Twain,4,Hermann,3
2024-10-05,St. James,0,Hermann,15
2024-10-05,Humansville,8,Hermitage,11
2024-10-05,Blair Oaks,12,Hickman,4
2024-10-05,West Plains,3,Hillcrest,6
2024-10-05,St. Teresa's Academy,11,Hillcrest,6
2024-10-05,Helias Catholic,5,Iberia,2
2024-10-05,Marquette,15,Jefferson City,2
2024-10-05,Rockwood Summit,13,Kelly,2
2024-10-05,Windsor (Imperial),11,Kelly,1
2024-10-05,Bolivar,2,Kickapoo,7
2024-10-05,Nixa,2,Kickapoo,4
2024-10-05,Republic,1,Kickapoo,10
2024-10-05,Wright City,13,Kirksville,6
2024-10-05,North Callaway,21,Kirksville,6
2024-10-05,Scotland County,6,Knox County,9
2024-10-05,Milan,10,La Plata,5
2024-10-05,Marceline,10,Lafayette (St. Joseph),3
2024-10-05,North Platte,1,Lafayette (St. Joseph),12
2024-10-05,Summit Christian Academy,7,Lafayette County,0
2024-10-05,Odessa,13,Lafayette County,2
2024-10-05,Excelsior Springs,2,Lawson,5
2024-10-05,Oak Park,4,Lawson,11
2024-10-05,Park Hill South,1,Lee's Summit North,6
2024-10-05,Seneca,1,Lee's Summit North,12
2024-10-05,Park Hill,4,Lee's Summit West,5
2024-10-05,Weaubleau,6,Macks Creek,9
2024-10-05,Savannah,4,Macon,1
2024-10-05,Hannibal,1,Macon,15
2024-10-05,Wright City,9,Macon,8
2024-10-05,St. Elizabeth,6,Marceline,4
2024-10-05,Mid-Buchanan,11,Marceline,0
2024-10-05,Lee's Summit West,5,Marquette,6
2024-10-05,Blair Oaks,1,Marquette,11
2024-10-05,Willard,6,Marshfield,10
2024-10-05,Liberty,6,Marshfield,5
2024-10-05,Battle,0,Marshfield,10
2024-10-05,Tri-County,13,Mercer,3
2024-10-05,Southern Boone,6,Mexico,4
2024-10-05,Palmyra,4,Mexico,16
2024-10-05,Montgomery County,15,Milan,4
2024-10-05,Highland,15,Monroe City,1
2024-10-05,Canton,7,Monroe City,9
2024-10-05,Putnam County,2,Monroe City,5
2024-10-05,South Shelby,6,Montgomery County,12
2024-10-05,Lutheran South,1,Neelyville,12
2024-10-05,Windsor (Imperial),5,Neelyville,8
2024-10-05,Van-Far,13,New Bloomfield,0
2024-10-05,Schuyler County,4,New Bloomfield,5
2024-10-05,St. Elizabeth,12,North Andrew,1
2024-10-05,Savannah,2,North Callaway,3
2024-10-05,Hallsville,11,North Callaway,1
2024-10-05,Excelsior Springs,4,North Kansas City,1
2024-10-05,Oak Park,11,North Kansas City,2
2024-10-05,St. Elizabeth,6,North Platte,5
2024-10-05,Schuyler County,2,Northeast (Cairo),3
2024-10-05,Park Hill,4,Oak Grove,3
2024-10-05,Seneca,3,Park Hill South,8
2024-10-05,St. Teresa's Academy,5,Park Hill South,14
2024-10-05,Knox County,6,Putnam County,7
2024-10-05,Schuyler County,1,Putnam County,16
2024-10-05,Neelyville,7,Rockwood Summit,2
2024-10-05,Republic,14,Rolla,3
2024-10-05,Branson,16,Rolla,4
2024-10-05,Benton,6,Savannah,2
2024-10-05,North Platte,3,Savannah,6
2024-10-05,Gallatin,2,Savannah,14
2024-10-05,Highland,15,Schuyler County,0
2024-10-05,Battle,12,Sherwood,1
2024-10-05,Van-Far,4,Silex,2
2024-10-05,Van-Far,15,Slater,0
2024-10-05,Schuyler County,14,Slater,2
2024-10-05,Worth County,5,South Shelby,10
2024-10-05,Palmyra,2,Southern Boone,12
2024-10-05,Mark Twain,15,St. Clair,0
2024-10-05,St. James,14,St. Clair,7
2024-10-05,Mark Twain,18,St. James,0
2024-10-05,Central (St. Joseph),0,Staley,11
2024-10-05,Rock Bridge,15,Staley,0
2024-10-05,Sherwood,1,Webb City,5
2024-10-05,Green City,2,Trenton,12
2024-10-05,South Shelby,16,Trenton,11
2024-10-05,Milan,9,Trenton,10
2024-10-05,Poplar Bluff,7,Van Buren,2
2024-10-05,DeSoto,11,Van Buren,0
2024-10-05,Branson,4,Webb City,17
2024-10-05,Republic,1,Webb City,0
2024-10-05,Nixa,7,Webb City,8
2024-10-05,St. Teresa's Academy,20,West Plains,2
2024-10-05,Sherwood,4,Willard,5
2024-10-05,Lutheran South,2,Windsor (Imperial),6
2024-10-07,Ladue Horton Watkins,14,Affton,3
2024-10-07,Trenton,1,Albany,3
2024-10-07,Logan-Rogersville,20,Aurora,14
2024-10-07,William Chrisman,0,Belton,15
2024-10-07,Chillicothe,21,Bishop LeBlond,0
2024-10-07,Warrenton,2,Bowling Green,7
2024-10-07,Milan,0,Brookfield,10
2024-10-07,Jamestown,6,California,2
2024-10-07,Richmond,2,Cameron,17
2024-10-07,Helias Catholic,13,Capital City,3
2024-10-07,Willard,5,Carl Junction,6
2024-10-07,Wheatland,16,Climax Springs,0
2024-10-07,Montgomery County,4,Community,2
2024-10-07,Waynesville,16,Crocker,4
2024-10-07,Owensville,23,Cuba,1
2024-10-07,Liberty (Wentzville),5,Francis Howell North,4
2024-10-07,St. Clair,0,Fredericktown,13
2024-10-07,Perryville,0,Fredericktown,15
2024-10-07,Washington,13,Ft. Zumwalt East,1
2024-10-07,North Point,11,Ft. Zumwalt South,8
2024-10-07,Moberly,1,Fulton,11
2024-10-07,East Buchanan,6,Gallatin,21
2024-10-07,Weaubleau,0,Halfway,13
2024-10-07,Fatima,1,Hallsville,2
2024-10-07,Maplewood-Richmond Hts.,17,Hancock,2
2024-10-07,Paris,6,Harrisburg,5
2024-10-07,Notre Dame de Sion,3,Harrisonville,7
2024-10-07,Marion C. Early,1,Hartville,3
2024-10-07,Blair Oaks,5,Hickman,8
2024-10-07,Windsor (Imperial),0,Hillsboro,10
2024-10-07,Notre Dame (St. Louis),1,Incarnate Word Academy,11
2024-10-07,Doniphan,0,Jackson,9
2024-10-07,Novinger,12,Kirksville,13
2024-10-07,Northeast (Cairo),13,La Plata,1
2024-10-07,Marquette,0,Lafayette (Wildwood),5
2024-10-07,Lee's Summit West,6,Lee's Summit,3
2024-10-07,Liberty North,14,Lee's Summit North,4
2024-10-07,Pacific,0,Linn,15
2024-10-07,Tri-County,21,Linn County,4
2024-10-07,South Shelby,10,Louisiana,18
2024-10-07,Tuscumbia,3,Macks Creek,11
2024-10-07,Van-Far,12,Marion County,4
2024-10-07,Westran,9,Mark Twain,2
2024-10-07,Clinton,0,Marshall,10
2024-10-07,Hazelwood Central,0,McCluer,13
2024-10-07,Webster Groves,10,Mehlville,2
2024-10-07,North Harrison,18,Mercer,2
2024-10-07,Macon,1,Mexico,5
2024-10-07,Oak Grove,4,Mid-Buchanan,2
2024-10-07,Webb City,15,Monett,0
2024-10-07,East Carter,13,Naylor,0
2024-10-07,Central (Cape Girardeau),1,Neelyville,18
2024-10-07,Boonville,6,New Franklin,2
2024-10-07,St. James,26,Newburg,10
2024-10-07,Princeton,6,North Andrew,7
2024-10-07,Centralia,12,North Callaway,2
2024-10-07,Sikeston,3,North County,13
2024-10-07,Oak Park,18,North Kansas City,0
2024-10-07,Maryville,4,North Platte,11
2024-10-07,Atlanta,0,North Shelby,10
2024-10-07,Pleasant Hill,4,Odessa,3
2024-10-07,Westminster Christian Academy,7,Orchard Farm,1
2024-10-07,Canton,7,Palmyra,8
2024-10-07,Liberty,2,Park Hill,1
2024-10-07,Central (St. Joseph),9,Park Hill South,10
2024-10-07,Parkway Central,1,Parkway North,2
2024-10-07,DeSoto,1,Parkway South,5
2024-10-07,Northwest (Cedar Hill),7,Parkway West,3
2024-10-07,Ft. Zumwalt North,19,Pattonville,2
2024-10-07,Fayette,13,Pilot Grove,1
2024-10-07,Grain Valley,7,Platte County,8
2024-10-07,West Plains,0,Poplar Bluff,10
2024-10-07,Highland,11,Putnam County,0
2024-10-07,Blue Springs South,2,Raymore-Peculiar,3
2024-10-07,Excelsior Springs,20,Raytown South,0
2024-10-07,Osage,5,Richland,6
2024-10-07,Ritenour,1,Rockwood Summit,11
2024-10-07,Fort Osage,20,Ruskin,0
2024-10-07,St. Pius X (Kansas City),0,Savannah,15
2024-10-07,Clark County,11,Scotland County,7
2024-10-07,Farmington,4,Seckman,8
2024-10-07,Branson,10,Seneca,7
2024-10-07,Jefferson City,4,Savannah,0
2024-10-07,Winnetonka,1,Smithville,11
2024-10-07,Penney,1,St. Elizabeth,4
2024-10-07,Francis Howell Central,0,St. Dominic,11
2024-10-07,Hazelwood West,6,St. Joseph's Academy,7
2024-10-07,Blue Springs,7,Staley,5
2024-10-07,Lafayette (St. Joseph),16,Stanberry,2
2024-10-07,Clayton,19,STEAM Academy,2
2024-10-07,Laquey,1,Westran,16
2024-10-07,Raytown,3,St. Charles,18
2024-10-07,Norwood,4,St. Clair,3
2024-10-07,Jennings,5,University City,20
2024-10-07,St. Joseph's Academy,18,Ursuline Academy,4
2024-10-07,Lutheran South,8,Valley Park,6
2024-10-07,Norwood,12,Van Buren,1
2024-10-07,Parkview,1,Walnut Grove,22
2024-10-07,Worth County,25,Wellsville-Middletown,2
2024-10-07,St. Charles,1,Winfield,9
2024-10-07,Northeast Nodaway,11,Worth County,6
2024-10-07,Hermann,2,Wright City,12
2024-10-08,Mehlville,13,Affton,0
2024-10-08,Maysville,1,Albany,11
2024-10-08,Madison,7,Bevier,8
2024-10-08,Northeast Nodaway,16,Bishop LeBlond,3
2024-10-08,Southern Boone,3,Blair Oaks,2
2024-10-08,Raymore-Peculiar,15,Blue Springs,0
2024-10-08,Lee's Summit,1,Blue Springs South,13
2024-10-08,Fulton,7,Boonville,1
2024-10-08,Clopton,1,Bowling Green,0
2024-10-08,Rolla,2,Camdenton,4
2024-10-08,Iberia,14,Capital City,9
2024-10-08,Lexington,0,Carrollton,15
2024-10-08,Republic,4,Carthage,2
2024-10-08,Aurora,1,Cassville,11
2024-10-08,North Kansas City,12,Central (St. Joseph),21
2024-10-08,Monroe City,0,Centralia,12
2024-10-08,Farmington,0,Chaffee,10
2024-10-08,Central (Cape Girardeau),0,Chaffee,12
2024-10-08,St. Elizabeth,3,Chillicothe,10
2024-10-08,Harrisonville,7,Clinton,9
2024-10-08,Louisiana,5,Community,10
2024-10-08,Richland,20,Cuba,1
2024-10-08,Crocker,1,Dixon,16
2024-10-08,Naylor,0,Doniphan,10
2024-10-08,North Platte,24,East Buchanan,8
2024-10-08,Smithville,9,Excelsior Springs,18
2024-10-08,Schuyler County,14,Fayette,3
2024-10-08,St. Charles,2,Fort Osage,6
2024-10-08,Francis Howell North,26,Francis Howell Central,15
2024-10-08,Troy Buchanan,2,Ft. Zumwalt West,1
2024-10-08,Waynesville,1,Glendale,5
2024-10-08,University City,19,Hazelwood Central,12
2024-10-08,Kirkwood,3,Hazelwood West,5
2024-10-08,Westran,15,Hermitage,5
2024-10-08,Brashear,2,Higbee,3
2024-10-08,South Shelby,1,Highland,11
2024-10-08,Pattonville,1,Holt,11
2024-10-08,Fair Play,23,Humansville,13
2024-10-08,North County,12,Jackson,23
2024-10-08,DeSoto,12,Jefferson (Festus),2
2024-10-08,Raytown South,0,Kearney,20
2024-10-08,Poplar Bluff,7,Kelly,5
2024-10-08,Hannibal,1,Kirksville,14
2024-10-08,Lafayette County,0,Knob Noster,10
2024-10-08,Marceline,13,Knox County,0
2024-10-08,Benton,2,Lafayette (St. Joseph),1
2024-10-08,Climax Springs,2,Laquey,12
2024-10-08,Penney,11,Lathrop,6
2024-10-08,Mid-Buchanan,2,Lawson,4
2024-10-08,Kickapoo,17,Lebanon,1
2024-10-08,Lee's Summit North,9,Lee's Summit West,12
2024-10-08,Park Hill South,7,Liberty,9
2024-10-08,Staley,1,Liberty North,5
2024-10-08,Fox,1,Lindbergh,2
2024-10-08,Cor Jesu Academy,6,Lutheran South,1
2024-10-08,Halfway,9,Macks Creek,6
2024-10-08,Clark County,0,Macon,10
2024-10-08,Logan-Rogersville,0,Marshfield,10
2024-10-08,Monett,3,McDonald County,4
2024-10-08,La Plata,21,Meadville,2
2024-10-08,Linn County,0,Milan,15
2024-10-08,Elsberry,2,Montgomery County,3
2024-10-08,Incarnate Word Academy,17,Nerinx Hall,4
2024-10-08,Seneca,0,Nevada,10
2024-10-08,Hermann,2,New Bloomfield,17
2024-10-08,Jamestown,2,New Franklin,9
2024-10-08,Mark Twain,6,North Callaway,13
2024-10-08,Eureka,5,Northwest (Cedar Hill),1
2024-10-08,Warrensburg,0,Oak Grove,11
2024-10-08,Park Hill,5,Oak Park,2
2024-10-08,Marquette,0,Oakville,10
2024-10-08,Summit Christian Academy,2,Odessa,1
2024-10-08,California,12,Osage,3
2024-10-08,Canton,0,Paris,5
2024-10-08,Neosho,19,Parkview,0
2024-10-08,Lafayette (Wildwood),6,Parkway South,3
2024-10-08,Rockwood Summit,2,Parkway West,7
2024-10-08,Harrisburg,17,Pilot Grove,1
2024-10-08,Holden,16,Richmond,0
2024-10-08,Ladue Horton Watkins,0,Ritenour,15
2024-10-08,Eldon,3,Russellville,15
2024-10-08,Maryville,0,Savannah,10
2024-10-08,Wheatland,8,Sherwood,10
2024-10-08,East Carter,7,Sikeston,0
2024-10-08,Wellsville-Middletown,0,Silex,17
2024-10-08,Owensville,1,Slater,11
2024-10-08,Westminster Christian Academy,15,St. Charles,4
2024-10-08,Parkway North,2,St. Dominic,18
2024-10-08,Eugene,5,Van-Far,11
2024-10-08,Ursuline Academy,4,St. Joseph's Academy,11
2024-10-08,St. Clair,4,St. Pius X (Festus),19
2024-10-08,St. Michael the Archangel,12,St. Teresa's Academy,7
2024-10-08,St. Joseph's Academy,4,Webb City,17
2024-10-08,North Harrison,2,Trenton,18
2024-10-08,Van Buren,5,St. Clair,7
2024-10-08,Warrenton,5,Union,13
2024-10-08,Wright City,10,Van-Far,0
2024-10-08,Ft. Zumwalt South,0,Washington,15
2024-10-08,Walnut Grove,13,Weaubleau,2
2024-10-08,Ozark,6,Webb City,4
2024-10-08,Festus,4,Webster Groves,1
2024-10-08,Plattsburg,4,West Platte,5
2024-10-08,Schuyler County,2,Westran,17
2024-10-08,Joplin,15,Willard,5
2024-10-08,Platte County,20,William Chrisman,1
2024-10-08,Perryville,2,Windsor (Imperial),12
2024-10-09,Park Hill South,2,Battle,14
2024-10-09,Staley,1,Blue Springs,6
2024-10-09,Hickman,2,Camdenton,0
2024-10-09,Lathrop,5,Cameron,6
2024-10-09,Father Tolton,11,Capital City,4
2024-10-09,Nevada,5,Carl Junction,0
2024-10-09,Monroe City,1,Clopton,8
2024-10-09,Mehlville,1,Cor Jesu Academy,8
2024-10-09,Excelsior Springs,3,Fort Osage,4
2024-10-09,Parkway Central,14,Fox,11
2024-10-09,Westminster Christian Academy,8,Francis Howell Central,10
2024-10-09,North Point,1,Francis Howell North,11
2024-10-09,Chaffee,4,Fredericktown,0
2024-10-09,Liberty (Wentzville),4,Ft. Zumwalt West,5
2024-10-09,Mexico,9,Hannibal,1
2024-10-09,University City,21,Hazelwood Central,12
2024-10-09,Fatima,0,Helias Catholic,6
2024-10-09,Branson,10,Hillcrest,4
2024-10-09,Ft. Zumwalt North,15,Holt,1
2024-10-09,Parkview,5,Humansville,15
2024-10-09,Affton,0,Kirkwood,18
2024-10-09,Timberland,0,Lafayette (Wildwood),3
2024-10-09,Lee's Summit West,15,Lee's Summit North,2
2024-10-09,St. Pius X (Kansas City),13,Lexington,5
2024-10-09,Sherwood,11,Lincoln College Prep,1
2024-10-09,Parkway North,4,Lutheran South,5
2024-10-09,Mid-Buchanan,2,Maryville,0
2024-10-09,Westran,3,Moberly,4
2024-10-09,Glasgow,1,New Franklin,2
2024-10-09,Pacific,2,Oakville,17
2024-10-09,Savannah,0,Park Hill,9
2024-10-09,Lindbergh,5,Parkway South,1
2024-10-09,Notre Dame (Cape Girardeau),20,Perryville,1
2024-10-09,St. Dominic,8,Ritenour,2
2024-10-09,North Shelby,3,Schuyler County,6
2024-10-09,Webster Groves,1,Seckman,8
2024-10-09,Farmington,20,Sikeston,0
2024-10-09,Rock Bridge,18,Savannah,2
2024-10-09,Jefferson City,7,Southern Boone,0
2024-10-09,Notre Dame (St. Louis),11,St. Pius X (Festus),9
2024-10-09,New Covenant Academy,3,Westran,4
2024-10-09,Harrisburg,13,Worth County,8
2024-10-09,Eureka,3,Troy Buchanan,5
2024-10-09,Nerinx Hall,0,Ursuline Academy,11
2024-10-09,Hazelwood West,7,Valley Park,0
2024-10-09,Hermann,3,Van-Far,7
2024-10-09,Summit Christian Academy,3,Warrensburg,1
2024-10-09,Elsberry,5,Winfield,6
2024-10-10,Nevada,3,Aurora,2
2024-10-10,Kirksville,2,Battle,3
2024-10-10,Grain Valley,10,Blue Springs,0
2024-10-10,Fort Osage,0,Blue Springs South,14
2024-10-10,Eldon,3,Boonville,6
2024-10-10,North Callaway,1,Bowling Green,3
2024-10-10,Green City,11,Brashear,15
2024-10-10,Schuyler County,17,Brookfield,4
2024-10-10,Savannah,1,Camdenton,6
2024-10-10,Trenton,11,Cameron,3
2024-10-10,Scotland County,7,Canton,10
2024-10-10,West Plains,0,Carl Junction,10
2024-10-10,Lebanon,0,Carthage,15
2024-10-10,McDonald County,7,Cassville,8
2024-10-10,Palmyra,0,Centralia,10
2024-10-10,Blair Oaks,1,Chillicothe,3
2024-10-10,South Shelby,12,Clark County,6
2024-10-10,Warrensburg,17,Clinton,4
2024-10-10,St. James,24,Crocker,12
2024-10-10,North Andrew,14,DeKalb,11
2024-10-10,Sikeston,1,Doniphan,11
2024-10-10,Hartville,1,Doniphan,13
2024-10-10,Penney,17,East Buchanan,0
2024-10-10,St. Clair,5,East Carter,20
2024-10-10,Winfield,8,Elsberry,3
2024-10-10,Marquette,0,Eureka,2
2024-10-10,Perryville,12,Farmington,3
2024-10-10,New Bloomfield,3,Fatima,4
2024-10-10,Glasgow,0,Fayette,10
2024-10-10,Oakville,6,Fox,4
2024-10-10,Rockwood Summit,5,Ft. Zumwalt East,14
2024-10-10,St. Charles,3,Ft. Zumwalt North,6
2024-10-10,Princeton,0,Gallatin,3
2024-10-10,Marion C. Early,6,Halfway,3
2024-10-10,California,3,Hallsville,9
2024-10-10,Northeast (Cairo),6,Harrisburg,0
2024-10-10,Carrollton,6,Holden,1
2024-10-10,North Point,13,Holt,2
2024-10-10,Macks Creek,24,Humansville,3
2024-10-10,Seckman,6,Jackson,9
2024-10-10,Slater,5,Jamestown,11
2024-10-10,North County,12,Jefferson (Festus),5
2024-10-10,Parkview,2,Joplin,18
2024-10-10,Platte County,4,Kearney,3
2024-10-10,Glendale,0,Kickapoo,16
2024-10-10,Richmond,1,Knob Noster,21
2024-10-10,Highland,22,Knox County,0
2024-10-10,Atlanta,3,La Plata,13
2024-10-10,Hazelwood Central,0,Ladue Horton Watkins,15
2024-10-10,Lexington,9,Lafayette County,10
2024-10-10,Belton,16,Lee's Summit North,3
2024-10-10,Staley,0,Lee's Summit West,1
2024-10-10,Parkway South,13,Liberty (Wentzville),9
2024-10-10,St. Michael the Archangel,16,Lincoln College Prep,5
2024-10-10,Lafayette (Wildwood),9,Lindbergh,2
2024-10-10,Van-Far,7,Linn,5
2024-10-10,Notre Dame (St. Louis),18,Maplewood-Richmond Hts.,1
2024-10-10,Macon,9,Marceline,5
2024-10-10,Community,23,Marion County,3
2024-10-10,Louisiana,14,Mark Twain,3
2024-10-10,Worth County,18,Maysville,11
2024-10-10,Normandy Collaborative,0,McCluer,15
2024-10-10,Hazelwood West,2,Mehlville,0
2024-10-10,Linn County,1,Mercer,16
2024-10-10,Fulton,10,Mexico,8
2024-10-10,Marshall,0,Moberly,3
2024-10-10,Seneca,3,Monett,13
2024-10-10,North Shelby,19,Monroe City,6
2024-10-10,Owensville,3,Montgomery County,8
2024-10-10,Central (Cape Girardeau),15,Naylor,0
2024-10-10,Webb City,3,Neosho,4
2024-10-10,St. Dominic,16,Nerinx Hall,0
2024-10-10,Logan-Rogersville,1,New Covenant Academy,17
2024-10-10,Westran,3,New Franklin,4
2024-10-10,Ozark,16,Nixa,4
2024-10-10,Putnam County,13,North Harrison,6
2024-10-10,Lawson,1,North Platte,3
2024-10-10,Kelly,5,Notre Dame (Cape Girardeau),6
2024-10-10,Odessa,5,Oak Grove,4
2024-10-10,Climax Springs,2,Osage,18
2024-10-10,Valley Park,8,Pacific,6
2024-10-10,Lee's Summit,1,Park Hill,11
2024-10-10,Liberty North,11,Park Hill South,10
2024-10-10,Northwest (Cedar Hill),8,Parkway Central,6
2024-10-10,Parkway North,2,Parkway West,14
2024-10-10,Kirkwood,15,Pattonville,4
2024-10-10,Lathrop,8,Plattsburg,18
2024-10-10,St. Michael the Archangel,3,Pleasant Hill,7
2024-10-10,Summit Christian Academy,6,Raytown South,2
2024-10-10,Willard,1,Republic,11
2024-10-10,Newburg,0,Richland,15
2024-10-10,Affton,0,Ritenour,17
2024-10-10,Ft. Zumwalt West,0,Rock Bridge,9
2024-10-10,Raymore-Peculiar,1,Rock Bridge,7
2024-10-10,North Kansas City,15,Ruskin,0
2024-10-10,Pilot Grove,7,Russellville,8
2024-10-10,Milan,6,Schuyler County,2
2024-10-10,Union,7,Silex,6
2024-10-10,Maryville,0,St. Elizabeth,10
2024-10-10,Cuba,11,St. Clair,8
2024-10-10,St. Joseph's Academy,1,St. Joseph's Academy,10
2024-10-10,St. Pius X (Kansas City),3,St. Teresa's Academy,11
2024-10-10,Benton,19,Stanberry,2
2024-10-10,Paris,10,Worth County,1
2024-10-10,Polo,11,Tri-County,1
2024-10-10,Oak Park,1,St. Charles,14
2024-10-10,Clopton,8,Van-Far,0
2024-10-10,Timberland,3,Washington,6
2024-10-10,Mid-Buchanan,2,West Platte,3
2024-10-10,Incarnate Word Academy,0,Westminster Christian Academy,15
2024-10-10,Tuscumbia,5,Wheatland,9
2024-10-10,Festus,10,Windsor (Imperial),0
2024-10-10,Raytown,3,Winnetonka,9
2024-10-10,Wellsville-Middletown,1,Wright City,16
2024-10-11,Lebanon,5,Bolivar,12
2024-10-11,Glendale,5,Branson,12
2024-10-11,Marion County,3,Brashear,4
2024-10-11,Rolla,2,Carthage,11
2024-10-11,Webster Groves,0,Carthage,10
2024-10-11,Parkway West,3,Carthage,1
2024-10-11,Windsor (Imperial),0,Cor Jesu Academy,4
2024-10-11,Fox,10,DeSoto,8
2024-10-11,Neelyville,11,DeSoto,1
2024-10-11,Fayette,4,Eugene,8
2024-10-11,Neelyville,2,Fox,1
2024-10-11,Lutheran South,1,Ft. Zumwalt North,11
2024-10-11,Francis Howell North,22,Ft. Zumwalt South,2
2024-10-11,Mehlville,0,Hazelwood West,2
2024-10-11,Father Tolton,2,Helias Catholic,3
2024-10-11,Richland,17,Hermitage,4
2024-10-11,Bevier,1,Higbee,5
2024-10-11,Climax Springs,5,Humansville,20
2024-10-11,Webb City,2,Jefferson City,1
2024-10-11,Willard,11,Jefferson City,2
2024-10-11,Nixa,13,Jefferson City,3
2024-10-11,Lafayette (Wildwood),9,Lindbergh,2
2024-10-11,Ft. Zumwalt West,11,Marquette,5
2024-10-11,Capital City,0,Mid-Buchanan,8
2024-10-11,Timberland,6,Mid-Buchanan,9
2024-10-11,Dixon,15,Newburg,0
2024-10-11,Poplar Bluff,1,Northwest (Cedar Hill),16
2024-10-11,East Carter,4,Norwood,15
2024-10-11,Notre Dame (St. Louis),1,Oakville,14
2024-10-11,Capital City,4,Ozark,7
2024-10-11,Timberland,1,Ozark,7
2024-10-11,Mid-Buchanan,3,Ozark,1
2024-10-11,Rolla,2,Parkway West,13
2024-10-11,Webster Groves,3,Parkway West,16
2024-10-11,Liberty (Wentzville),11,Ritenour,4
2024-10-11,Webster Groves,11,Rolla,1
2024-10-11,Green City,10,Schuyler County,9
2024-10-11,California,2,Van-Far,15
2024-10-11,Nixa,0,Webb City,8
2024-10-11,Willard,8,Webb City,3
2024-10-11,Capital City,7,Timberland,6
2024-10-11,Macks Creek,0,Walnut Grove,15
2024-10-11,Nixa,6,Willard,4
2024-10-11,Silex,7,Wright City,4
2024-10-12,Mercer,3,Albany,12
2024-10-12,Princeton,0,Albany,8
2024-10-12,Webb City,4,Carthage,0
2024-10-12,Parkway West,4,Carthage,8
2024-10-12,Oakville,9,Cor Jesu Academy,6
2024-10-12,Notre Dame (St. Louis),6,Cor Jesu Academy,9
2024-10-12,Laquey,5,Dixon,12
2024-10-12,Westran,7,Dixon,8
2024-10-12,Tuscumbia,8,Dixon,11
2024-10-12,Worth County,11,Higbee,2
2024-10-12,Waynesville,13,Hillcrest,1
2024-10-12,Notre Dame (Cape Girardeau),16,Incarnate Word Academy,1
2024-10-12,Nixa,1,Jefferson City,4
2024-10-12,Timberland,1,Jefferson City,7
2024-10-12,Liberty North,3,Kickapoo,4
2024-10-12,Jackson,8,Lafayette (Wildwood),9
2024-10-12,Raytown South,9,Lincoln College Prep,10
2024-10-12,Hillcrest,12,Logan-Rogersville,7
2024-10-12,Waynesville,2,Logan-Rogersville,7
2024-10-12,Princeton,15,Maysville,1
2024-10-12,Mercer,10,Maysville,11
2024-10-12,Windsor (Imperial),0,Oakville,15
2024-10-12,Webster Groves,0,Ozark,10
2024-10-12,Capital City,6,Ozark,7
2024-10-12,Mid-Buchanan,4,Parkway West,1
2024-10-12,Summit Christian Academy,0,Pleasant Hill,1
2024-10-12,St. Michael the Archangel,6,Pleasant Hill,9
2024-10-12,Summit Christian Academy,16,Raytown South,0
2024-10-12,Kickapoo,3,Rock Bridge,8
2024-10-12,Liberty North,5,Rock Bridge,6
2024-10-12,Timberland,12,Rolla,1
2024-10-12,Nixa,2,Rolla,1
2024-10-12,Laquey,5,Westran,22
2024-10-12,Tuscumbia,0,Westran,14
2024-10-12,Mid-Buchanan,14,Webb City,4
2024-10-12,Laquey,3,Tuscumbia,20
2024-10-12,Willard,11,Webster Groves,1
2024-10-12,Capital City,3,Willard,5
2024-10-12,Notre Dame (St. Louis),5,Windsor (Imperial),13
2024-10-14,Lathrop,3,Benton,5
2024-10-14,Centralia,1,Bowling Green,0
2024-10-14,New Bloomfield,11,California,7
2024-10-14,Penney,9,Cameron,7
2024-10-14,Aurora,1,Carl Junction,15
2024-10-14,Willard,3,Carthage,11
2024-10-14,St. Pius X (Festus),8,Central (Cape Girardeau),6
2024-10-14,Park Hill South,12,Central (St. Joseph),1
2024-10-14,Trenton,3,Chillicothe,10
2024-10-14,Nevada,16,Clinton,0
2024-10-14,Maryville,14,DeKalb,7
2024-10-14,Albany,17,East Buchanan,0
2024-10-14,Battle,10,Eldon,5
2024-10-14,St. Dominic,10,Eureka,2
2024-10-14,Poplar Bluff,18,Farmington,12
2024-10-14,Macon,1,Father Tolton,2
2024-10-14,Montgomery County,2,Fatima,12
2024-10-14,Westran,3,Fayette,18
2024-10-14,Fox,2,Festus,4
2024-10-14,Park Hill,11,Fort Osage,10
2024-10-14,Seckman,16,Francis Howell Central,11
2024-10-14,Ritenour,0,Francis Howell North,6
2024-10-14,Neelyville,9,Fredericktown,1
2024-10-14,Ft. Zumwalt East,0,Ft. Zumwalt West,10
2024-10-14,Slater,0,Hallsville,12
2024-10-14,Palmyra,3,Hannibal,8
2024-10-14,Logan-Rogersville,16,Hartville,10
2024-10-14,Camdenton,3,Helias Catholic,7
2024-10-14,Marquette,8,Hillsboro,7
2024-10-14,Tuscumbia,18,Humansville,8
2024-10-14,Valley Park,0,Incarnate Word Academy,3
2024-10-14,Russellville,0,Jamestown,3
2024-10-14,Jackson,14,Kelly,6
2024-10-14,Odessa,13,Knob Noster,5
2024-10-14,Park Hill South,10,Lafayette (St. Joseph),4
2024-10-14,Glendale,19,Lebanon,7
2024-10-14,Smithville,1,Lee's Summit West,11
2024-10-14,Lafayette County,19,Lexington,1
2024-10-14,Kearney,1,Liberty North,0
2024-10-14,Parkway West,7,Lindbergh,5
2024-10-14,Canton,6,Louisiana,0
2024-10-14,Hazelwood West,16,Maplewood-Richmond Hts.,1
2024-10-14,Sherwood,3,Marion C. Early,13
2024-10-14,Moberly,11,Mark Twain,6
2024-10-14,Walnut Grove,0,Marshfield,8
2024-10-14,Kirkwood,4,Mehlville,5
2024-10-14,Green City,11,Mercer,2
2024-10-14,Worth County,0,Mid-Buchanan,15
2024-10-14,Hillcrest,11,Monett,18
2024-10-14,Nixa,3,Neosho,0
2024-10-14,Cuba,23,Newburg,8
2024-10-14,West Platte,15,North Andrew,6
2024-10-14,St. Charles,16,North Kansas City,0
2024-10-14,Northeast Nodaway,5,North Platte,4
2024-10-14,Elsberry,5,North Point,1
2024-10-14,St. Michael the Archangel,18,Notre Dame de Sion,0
2024-10-14,Savannah,5,Oak Grove,2
2024-10-14,St. Joseph's Academy,2,Oakville,5
2024-10-14,Waynesville,0,Ozark,15
2024-10-14,Rockwood Summit,11,Pacific,0
2024-10-14,Republic,15,Parkview,0
2024-10-14,Cor Jesu Academy,23,Parkway Central,9
2024-10-14,Chaffee,21,Perryville,1
2024-10-14,Harrisonville,1,Pleasant Hill,12
2024-10-14,Maysville,3,Princeton,18
2024-10-14,Monroe City,1,Schuyler County,16
2024-10-14,Plattsburg,3,Savannah,13
2024-10-14,Highland,21,Scotland County,0
2024-10-14,Northeast (Cairo),11,South Shelby,5
2024-10-14,Osage,9,Southern Boone,14
2024-10-14,Holt,0,St. Charles,10
2024-10-14,Dixon,17,St. James,2
2024-10-14,Raytown South,6,St. Pius X (Kansas City),8
2024-10-14,Winnetonka,12,St. Teresa's Academy,11
2024-10-14,Lee's Summit North,6,Staley,16
2024-10-14,Jennings,6,STEAM Academy,21
2024-10-14,Winfield,0,Timberland,4
2024-10-14,Lafayette (Wildwood),2,Troy Buchanan,1
2024-10-14,Weaubleau,5,Tuscumbia,3
2024-10-14,Capital City,7,Union,11
2024-10-14,Normandy Collaborative,6,University City,17
2024-10-14,Ft. Zumwalt North,15,Warrenton,10
2024-10-14,Liberty (Wentzville),2,Washington,9
2024-10-14,Joplin,12,Webb City,11
2024-10-14,Richland,7,Wheatland,4
2024-10-14,Excelsior Springs,10,William Chrisman,0
2024-10-14,Owensville,4,Wright City,7
2024-10-15,St. Charles,4,Blue Springs,10
2024-10-15,Waynesville,1,Bolivar,16
2024-10-15,Willard,4,Branson,3
2024-10-15,Russellville,27,Dixon,8
2024-10-15,Community,7,Elsberry,10
2024-10-15,St. Joseph's Academy,1,Ft. Zumwalt North,16
2024-10-15,Ft. Zumwalt West,19,Ft. Zumwalt South,0
2024-10-15,Westran,12,Glasgow,13
2024-10-15,Laquey,0,Hermitage,18
2024-10-15,DeSoto,0,Hillsboro,10
2024-10-15,Belton,3,Lee's Summit,12
2024-10-15,Grain Valley,15,Lee's Summit North,1
2024-10-15,Platte County,0,Liberty North,5
2024-10-15,Hazelwood West,11,Mehlville,1
2024-10-15,Doniphan,9,Neelyville,12
2024-10-15,Lindbergh,6,Notre Dame (St. Louis),0
2024-10-15,Scotland County,15,Novinger,5
2024-10-15,Festus,7,Oakville,11
2024-10-15,Affton,1,Pacific,18
2024-10-15,Eureka,7,Parkway Central,3
2024-10-15,Pattonville,0,Parkway North,10
2024-10-15,Putnam County,5,Princeton,9
2024-10-15,Iberia,11,Rolla,6
2024-10-15,Notre Dame (Cape Girardeau),11,Sikeston,1
2024-10-15,Eugene,11,Savannah,12
2024-10-15,Park Hill,17,Staley,0
2024-10-15,McCluer,12,University City,13
2024-10-15,Kirkwood,14,Ursuline Academy,5
2024-10-15,Lebanon,3,West Plains,6
2024-10-15,Lutheran South,2,Windsor (Imperial),5
2024-10-16,Humansville,18,Climax Springs,8
2024-10-16,New Franklin,7,Worth County,1
2024-10-16,Worth County,11,Madison,5
2024-10-16,Marion County,15,Wellsville-Middletown,5
2024-10-16,Marion C. Early,15,Laquey,0
2024-10-16,New Covenant Academy,17,Crocker,1
2024-10-16,Mark Twain,10,Clark County,17
2024-10-16,Monroe City,13,Scotland County,3
2024-10-16,South Shelby,12,Palmyra,7
2024-10-16,Trenton,10,Milan,0
2024-10-16,Marceline,6,Penney,2
2024-10-16,Brookfield,12,Putnam County,2
2024-10-16,Westran,7,Fayette,11
2024-10-16,Schuyler County,11,Lexington,1
2024-10-16,Harrisburg,9,Lafayette County,7
2024-10-16,St. James,4,St. Clair,15
2024-10-16,Maplewood-Richmond Hts.,22,Normandy Collaborative,7
2024-10-16,Ursuline Academy,11,Cuba,1
2024-10-16,Winfield,25,Jennings,0
2024-10-16,Bowling Green,22,STEAM Academy,0
2024-10-16,Centralia,10,Boonville,0
2024-10-16,Fulton,3,North Callaway,5
2024-10-16,Fatima,10,Eldon,3
2024-10-16,California,7,Knob Noster,0
2024-10-16,Oak Grove,15,Richmond,0
2024-10-16,Summit Christian Academy,12,St. Michael the Archangel,0
2024-10-16,Pleasant Hill,15,Notre Dame de Sion,0
2024-10-16,Odessa,15,St. Pius X (Kansas City),0
2024-10-16,Chillicothe,14,Maryville,0
2024-10-16,Benton,1,Excelsior Springs,9
2024-10-16,Savannah,11,Cameron,0
2024-10-16,Lawson,9,Lafayette (St. Joseph),7
2024-10-16,Rockwood Summit,13,Pacific,3
2024-10-16,Washington,5,St. Joseph's Academy,1
2024-10-16,Union,9,Parkway Central,7
2024-10-16,Westminster Christian Academy,9,St. Joseph's Academy,3
2024-10-16,Incarnate Word Academy,15,McCluer,2
2024-10-16,St. Charles,6,Parkway North,5
2024-10-16,Ladue Horton Watkins,15,University City,3
2024-10-16,Ft. Zumwalt East,17,Clayton,0
2024-10-16,McDonald County,6,Carl Junction,3
2024-10-16,Bolivar,7,West Plains,3
2024-10-16,Monett,15,Hillcrest,0
2024-10-16,Capital City,13,Warrensburg,3
2024-10-16,Camdenton,15,Ruskin,0
2024-10-16,Jefferson City,10,Raytown South,0
2024-10-16,Kearney,15,Raytown,0
2024-10-16,Marshall,2,Winnetonka,1
2024-10-16,Platte County,19,Lincoln College Prep,0
2024-10-16,Smithville,15,St. Teresa's Academy,0
2024-10-16,Francis Howell,20,Hazelwood Central,0
2024-10-16,Ritenour,6,Ft. Zumwalt North,19
2024-10-16,Francis Howell Central,16,Pattonville,1
2024-10-16,Francis Howell North,6,Hazelwood West,1
2024-10-17,Van-Far,15,Humansville,0
2024-10-17,Macks Creek,11,Fair Play,5
2024-10-17,Wheatland,10,Tuscumbia,4
2024-10-17,Weaubleau,14,Hermitage,8
2024-10-17,Northeast (Cairo),11,Pilot Grove,1
2024-10-17,Jamestown,12,Higbee,0
2024-10-17,Paris,13,Marion County,3
2024-10-17,Silex,5,Clopton,7
2024-10-17,Community,8,Knox County,3
2024-10-17,North Shelby,2,Canton,1
2024-10-17,Novinger,5,Atlanta,16
2024-10-17,Polo,13,Tri-County,3
2024-10-17,Northeast Nodaway,18,Bishop LeBlond,0
2024-10-17,Stanberry,13,Maysville,3
2024-10-17,Albany,14,Mercer,3
2024-10-17,Princeton,6,North Harrison,4
2024-10-17,St. Clair,2,East Carter,17
2024-10-17,Chaffee,6,St. Pius X (Festus),0
2024-10-17,Kelly,10,Jefferson (Festus),4
2024-10-17,Van-Far,6,Valley Park,10
2024-10-17,Louisiana,10,Hermann,3
2024-10-17,Eugene,10,Russellville,0
2024-10-17,Iberia,10,Dixon,0
2024-10-17,New Bloomfield,15,Slater,0
2024-10-17,Hartville,11,Sherwood,1
2024-10-17,Marion C. Early,2,New Covenant Academy,5
2024-10-17,Highland,13,Clark County,0
2024-10-17,Monroe City,5,South Shelby,4
2024-10-17,St. Elizabeth,4,Trenton,3
2024-10-17,Marceline,7,Brookfield,6
2024-10-17,Plattsburg,16,Lathrop,6
2024-10-17,West Platte,16,East Buchanan,1
2024-10-17,Carrollton,2,Fayette,0
2024-10-17,Schuyler County,15,Harrisburg,0
2024-10-17,Fredericktown,23,Hancock,0
2024-10-17,Webb City,10,St. Clair,0
2024-10-17,Maplewood-Richmond Hts.,2,Ursuline Academy,13
2024-10-17,Hallsville,10,Moberly,0
2024-10-17,Southern Boone,0,Macon,11
2024-10-17,Blair Oaks,12,Owensville,0
2024-10-17,Nevada,13,Aurora,0
2024-10-17,Seneca,9,Logan-Rogersville,3
2024-10-17,Cassville,9,Harrisonville,1
2024-10-17,Holden,11,Clinton,1
2024-10-17,Chillicothe,11,Excelsior Springs,5
2024-10-17,Savannah,14,Lawson,13
2024-10-17,Poplar Bluff,4,DeSoto,16
2024-10-17,Farmington,11,Sikeston,1
2024-10-17,North County,6,Central (Cape Girardeau),5
2024-10-17,Cor Jesu Academy,16,Nerinx Hall,1
2024-10-17,Webster Groves,4,Windsor (Imperial),7
2024-10-17,Festus,13,Affton,0
2024-10-17,Rockwood Summit,5,Washington,4
2024-10-17,Union,0,Westminster Christian Academy,10
2024-10-17,Incarnate Word Academy,4,St. Charles,1
2024-10-17,Ladue Horton Watkins,0,Ft. Zumwalt East,11
2024-10-17,Father Tolton,10,Hannibal,1
2024-10-17,Kirksville,8,Warrenton,5
2024-10-17,St. Dominic,4,Ft. Zumwalt South,0
2024-10-17,Mexico,14,Holt,4
2024-10-17,Marshfield,6,McDonald County,5
2024-10-17,Bolivar,3,Monett,2
2024-10-17,Jackson,12,Mehlville,1
2024-10-17,Northwest (Cedar Hill),6,Seckman,7
2024-10-17,Lindbergh,9,Kirkwood,1
2024-10-17,Oakville,7,Fox,1
2024-10-17,Lafayette (Wildwood),14,Lebanon,0
2024-10-17,Eureka,12,Rolla,0
2024-10-17,Parkway West,13,Waynesville,3
2024-10-17,Parkway South,6,Marquette,0
2024-10-17,Ft. Zumwalt West,9,North Point,0
2024-10-17,Helias Catholic,2,Liberty (Wentzville),1
2024-10-17,Troy Buchanan,11,Battle,1
2024-10-17,Timberland,6,Hickman,2
2024-10-17,Kickapoo,18,Parkview,0
2024-10-17,Nixa,15,Branson,0
2024-10-17,Ozark,11,Willard,6
2024-10-17,Republic,15,Glendale,5
2024-10-17,Grain Valley,15,William Chrisman,0
2024-10-17,Blue Springs,7,Fort Osage,12
2024-10-17,Blue Springs South,8,St. Charles,2
2024-10-17,Rock Bridge,11,Savannah,1
2024-10-17,Webb City,8,Lee's Summit,11
2024-10-17,Lee's Summit West,8,Carthage,7
2024-10-17,Joplin,3,Neosho,6
2024-10-17,Liberty North,13,North Kansas City,0
2024-10-17,Staley,7,Park Hill South,4
2024-10-17,Liberty,10,Oak Park,0
2024-10-17,Park Hill,10,Central (St. Joseph),0
2024-10-18,Van-Far,20,Macks Creek,1
2024-10-18,Wheatland,12,Weaubleau,2
2024-10-18,New Franklin,2,Glasgow,4
2024-10-18,Northeast (Cairo),1,Jamestown,0
2024-10-18,Brashear,5,Bevier,3
2024-10-18,Schuyler County,2,Green City,12
2024-10-18,Hartville,5,New Covenant Academy,3
2024-10-18,Doniphan,16,Notre Dame (St. Louis),13
2024-10-18,Lutheran South,10,Perryville,0
2024-10-18,Winfield,10,Wright City,1
2024-10-18,Belton,10,Capital City,2
2024-10-18,Camdenton,2,Jefferson City,1
2024-10-18,Kearney,1,Marshall,0
2024-10-18,Platte County,8,Smithville,5
2024-10-18,Francis Howell,11,Ft. Zumwalt North,1
2024-10-18,Francis Howell Central,5,Francis Howell North,3
2024-10-18,Raymore-Peculiar,3,Lee's Summit North,0
2024-10-19,Halfway,15,Naylor,0
2024-10-19,Westran,4,Richland,3
2024-10-19,Norwood,7,Van Buren,0
2024-10-19,Naylor,20,Newburg,7
2024-10-19,Paris,4,Clopton,3
2024-10-19,Community,10,North Shelby,6
2024-10-19,Northeast Nodaway,4,North Andrew,5
2024-10-19,Albany,7,Worth County,6
2024-10-19,Neelyville,11,East Carter,1
2024-10-19,Chaffee,8,Kelly,0
2024-10-19,Highland,15,Monroe City,0
2024-10-19,Fredericktown,6,Doniphan,11
2024-10-19,Centralia,3,North Callaway,0
2024-10-19,Hallsville,1,Macon,2
2024-10-19,Nevada,5,Seneca,4
2024-10-19,Cassville,2,Holden,0
2024-10-19,Chillicothe,1,Savannah,2
2024-10-19,Notre Dame (Cape Girardeau),4,DeSoto,3
2024-10-19,Farmington,4,North County,2
2024-10-19,Cor Jesu Academy,14,Windsor (Imperial),4
2024-10-19,Festus,3,Hillsboro,2
2024-10-19,Rockwood Summit,2,Westminster Christian Academy,4
2024-10-19,Father Tolton,10,Kirksville,0
2024-10-19,St. Dominic,9,Mexico,8
2024-10-19,Jackson,14,Seckman,4
2024-10-19,Lindbergh,0,Oakville,1
2024-10-19,Lafayette (Wildwood),10,Eureka,0
2024-10-19,Parkway West,7,Parkway South,8
2024-10-19,Ft. Zumwalt West,4,Helias Catholic,5
2024-10-19,Troy Buchanan,8,Timberland,3
2024-10-19,Kickapoo,11,Nixa,6
2024-10-19,Ozark,0,Republic,12
2024-10-19,Grain Valley,10,Fort Osage,0
2024-10-19,Blue Springs South,1,Rock Bridge,7
2024-10-19,Raymore-Peculiar,11,Lee's Summit,1
2024-10-19,Lee's Summit West,5,Neosho,3
2024-10-19,Liberty North,12,Staley,2
2024-10-19,Liberty,1,Park Hill,2
2024-10-21,Halfway,1,Westran,4
2024-10-21,Norwood,2,Walnut Grove,1
2024-10-21,Van-Far,11,Wheatland,0
2024-10-21,Northeast (Cairo),5,Glasgow,4
2024-10-21,Paris,15,Community,0
2024-10-21,La Plata,15,Atlanta,5
2024-10-21,Brashear,5,Green City,6
2024-10-21,Albany,2,Princeton,7
2024-10-21,Montgomery County,3,Valley Park,1
2024-10-21,Elsberry,7,Louisiana,5
2024-10-21,Linn,5,Eugene,3
2024-10-21,Iberia,4,New Bloomfield,3
2024-10-21,St. Elizabeth,8,Marceline,7
2024-10-21,Mid-Buchanan,17,Plattsburg,2
2024-10-21,North Platte,3,West Platte,4
2024-10-21,Carrollton,8,Schuyler County,7
2024-10-21,Webb City,10,Ursuline Academy,0
2024-10-21,Centralia,9,Macon,0
2024-10-21,Fatima,7,California,2
2024-10-21,Nevada,7,Cassville,6
2024-10-21,Oak Grove,7,Summit Christian Academy,0
2024-10-21,Pleasant Hill,3,Odessa,5
2024-10-21,Notre Dame (Cape Girardeau),3,Farmington,1
2024-10-21,Cor Jesu Academy,8,Festus,5
2024-10-21,Incarnate Word Academy,7,Ft. Zumwalt East,2
2024-10-21,Father Tolton,1,St. Dominic,0
2024-10-21,Marshfield,0,Bolivar,3
2024-10-21,Belton,1,Camdenton,0
2024-10-21,Kearney,7,Platte County,0
2024-10-21,Jackson,3,Oakville,2
2024-10-21,Lafayette (Wildwood),8,Parkway South,2
2024-10-21,Francis Howell,15,Francis Howell Central,0
2024-10-21,Troy Buchanan,7,Helias Catholic,9
2024-10-21,Kickapoo,5,Republic,0
2024-10-21,Grain Valley,1,Rock Bridge,4
2024-10-21,Raymore-Peculiar,7,Lee's Summit West,1
2024-10-21,Liberty North,12,Park Hill,4
2024-10-22,Norwood,4,Westran,1
2024-10-22,Gallatin,1,Polo,0
2024-10-22,Stanberry,2,North Andrew,1
2024-10-22,Neelyville,10,Chaffee,13
2024-10-22,Montgomery County,4,Elsberry,7
2024-10-22,Linn,7,Iberia,0
2024-10-22,Mid-Buchanan,5,West Platte,2
2024-10-22,Fatima,2,Blair Oaks,7
2024-10-22,Oak Grove,4,Odessa,0
2024-10-23,La Plata,12,Green City,2
2024-10-26,Van-Far,9,Norwood,3
2024-10-26,Princeton,0,Stanberry,2
2024-10-26,Paris,8,Northeast (Cairo),6
2024-10-26,Gallatin,5,La Plata,4
2024-10-26,Elsberry,2,Chaffee,3
2024-10-26,Carrollton,0,Mid-Buchanan,3
2024-10-26,Hartville,2,Linn,8
2024-10-26,St. Elizabeth,0,Highland,9
2024-10-26,Savannah,2,Oak Grove,8
2024-10-26,Centralia,1,Winfield,0
2024-10-26,Nevada,3,Blair Oaks,6
2024-10-26,Cor Jesu Academy,4,Notre Dame (Cape Girardeau),3
2024-10-26,Kearney,0,Belton,1
2024-10-26,Incarnate Word Academy,2,Westminster Christian Academy,3
2024-10-26,Bolivar,0,Father Tolton,3
2024-10-26,Lafayette (Wildwood),4,Jackson,1
2024-10-26,Liberty North,5,Raymore-Peculiar,2
2024-10-26,Helias Catholic,7,Francis Howell,1
2024-10-26,Rock Bridge,12,Kickapoo,4
2024-10-31,Westminster Christian Academy,10,Cor Jesu Academy,3
2024-10-31,Belton,12,Cor Jesu Academy,3
2024-10-31,Father Tolton,7,Westminster Christian Academy,1
2024-10-31,Helias Catholic,7,Liberty North,8
2024-10-31,Liberty North,0,Lafayette (Wildwood),6
2024-10-31,Rock Bridge,7,Helias Catholic,0
2024-11-01,Paris,2,Stanberry,3
2024-11-01,Stanberry,2,Van-Far,12
2024-11-01,Gallatin,4,Paris,3
2024-11-01,Linn,2,Chaffee,10
2024-11-01,Mid-Buchanan,8,Chaffee,6
2024-11-01,Highland,2,Linn,1
2024-11-01,Blair Oaks,1,Webb City,9
2024-11-01,Oak Grove,4,Webb City,1
2024-11-01,Blair Oaks,0,Centralia,4
2024-11-01,Father Tolton,2,Belton,0
2024-11-01,Rock Bridge,0,Lafayette (Wildwood),3
2024-11-02,Gallatin,1,Van-Far,11
2024-11-02,Highland,4,Mid-Buchanan,1
2024-11-02,Centralia,3,Oak Grove,8
